fips,county,state,foodhub18,csa07,csa12,agritrsm_ops07,agritrsm_ops12,agritrsm_rct07,agritrsm_rct12,farm_to_school13,farm_to_school15,pct_diabetes18,class
1003,Baldwin,AL,0.0,13.0,7.0,18.0,16.0,124000.0,204000.0,0.0,1.0,8.4,0.0
1005,Barbour,AL,0.0,1.0,0.0,27.0,32.0,163000.0,304000.0,1.0,0.0,13.5,1.0
1009,Blount,AL,0.0,7.0,4.0,10.0,8.0,293000.0,30000.0,1.0,0.0,10.5,1.0
1011,Bullock,AL,0.0,2.0,0.0,18.0,13.0,116000.0,466000.0,0.0,0.0,9.4,1.0
1013,Butler,AL,0.0,3.0,5.0,9.0,9.0,97000.0,73000.0,0.0,0.0,10.9,1.0
1015,Calhoun,AL,0.0,3.0,2.0,4.0,9.0,7000.0,203000.0,0.0,0.0,12.9,1.0
1017,Chambers,AL,0.0,0.0,1.0,18.0,14.0,89000.0,26000.0,0.0,0.0,12.0,1.0
1019,Cherokee,AL,0.0,4.0,2.0,13.0,10.0,102000.0,15000.0,1.0,1.0,10.5,1.0
1021,Chilton,AL,0.0,3.0,1.0,11.0,4.0,59000.0,14000.0,0.0,0.0,14.4,1.0
1025,Clarke,AL,0.0,0.0,0.0,8.0,10.0,23000.0,17000.0,0.0,0.0,14.3,1.0
1031,Coffee,AL,0.0,9.0,5.0,4.0,13.0,8000.0,44000.0,1.0,1.0,13.8,1.0
1033,Colbert,AL,0.0,7.0,1.0,10.0,3.0,17000.0,1000.0,1.0,1.0,12.3,1.0
1037,Coosa,AL,0.0,0.0,1.0,7.0,3.0,57000.0,87000.0,0.0,0.0,9.5,1.0
1039,Covington,AL,0.0,5.0,4.0,16.0,10.0,153000.0,13000.0,1.0,0.0,11.9,1.0
1043,Cullman,AL,0.0,5.0,13.0,9.0,9.0,27000.0,104000.0,1.0,1.0,11.0,1.0
1047,Dallas,AL,0.0,7.0,2.0,22.0,47.0,257000.0,456000.0,1.0,1.0,13.9,1.0
1069,Houston,AL,0.0,9.0,8.0,8.0,14.0,243000.0,325000.0,1.0,1.0,14.2,1.0
1071,Jackson,AL,0.0,7.0,4.0,11.0,14.0,82000.0,92000.0,0.0,1.0,10.5,1.0
1073,Jefferson,AL,0.0,5.0,0.0,0.0,9.0,0.0,19000.0,1.0,1.0,11.2,1.0
1075,Lamar,AL,0.0,0.0,1.0,8.0,10.0,25000.0,65000.0,0.0,0.0,11.8,1.0
1079,Lawrence,AL,0.0,10.0,5.0,3.0,19.0,11000.0,23000.0,0.0,0.0,9.1,1.0
1081,Lee,AL,0.0,2.0,3.0,15.0,8.0,133000.0,214000.0,1.0,1.0,9.9,1.0
1085,Lowndes,AL,0.0,2.0,0.0,9.0,18.0,106000.0,205000.0,1.0,1.0,11.8,1.0
1091,Marengo,AL,0.0,6.0,1.0,7.0,15.0,28000.0,167000.0,0.0,0.0,12.8,1.0
1093,Marion,AL,0.0,1.0,1.0,6.0,6.0,10000.0,16000.0,0.0,0.0,9.7,1.0
1095,Marshall,AL,0.0,5.0,5.0,11.0,12.0,125000.0,89000.0,1.0,1.0,9.8,1.0
1101,Montgomery,AL,0.0,1.0,3.0,17.0,23.0,129000.0,235000.0,1.0,0.0,14.2,1.0
1103,Morgan,AL,0.0,6.0,1.0,7.0,6.0,139000.0,228000.0,1.0,1.0,9.4,1.0
1105,Perry,AL,0.0,0.0,1.0,15.0,26.0,426000.0,142000.0,0.0,0.0,13.4,1.0
1109,Pike,AL,0.0,6.0,3.0,14.0,12.0,106000.0,196000.0,0.0,1.0,10.3,1.0
1113,Russell,AL,0.0,0.0,1.0,9.0,13.0,145000.0,243000.0,0.0,1.0,10.0,1.0
1115,St. Clair,AL,0.0,2.0,2.0,9.0,9.0,73000.0,20000.0,0.0,0.0,8.8,1.0
1121,Talladega,AL,0.0,4.0,7.0,5.0,13.0,108000.0,84000.0,1.0,1.0,14.2,1.0
1125,Tuscaloosa,AL,0.0,4.0,3.0,5.0,20.0,43000.0,54000.0,0.0,0.0,11.8,1.0
1131,Wilcox,AL,0.0,1.0,0.0,14.0,18.0,185000.0,319000.0,0.0,0.0,11.2,1.0
2090,Fairbanks North Star,AK,0.0,11.0,16.0,8.0,8.0,29000.0,102000.0,1.0,1.0,7.9,0.0
4001,Apache,AZ,0.0,2.0,4.0,17.0,33.0,93000.0,224000.0,1.0,1.0,12.3,1.0
4003,Cochise,AZ,0.0,14.0,12.0,15.0,38.0,817000.0,359000.0,1.0,1.0,7.8,0.0
4012,La Paz,AZ,0.0,1.0,0.0,0.0,0.0,0.0,0.0,1.0,0.0,9.9,1.0
4013,Maricopa,AZ,1.0,9.0,21.0,9.0,114.0,739000.0,1820000.0,1.0,1.0,8.0,0.0
4015,Mohave,AZ,0.0,2.0,0.0,6.0,7.0,152000.0,150000.0,1.0,1.0,9.4,1.0
4017,Navajo,AZ,0.0,3.0,15.0,8.0,13.0,35000.0,32000.0,0.0,1.0,11.5,1.0
4023,Santa Cruz,AZ,0.0,1.0,1.0,6.0,16.0,41000.0,47000.0,1.0,1.0,9.4,1.0
4025,Yavapai,AZ,0.0,18.0,26.0,22.0,18.0,759000.0,414000.0,1.0,1.0,7.2,0.0
5003,Ashley,AR,0.0,0.0,2.0,4.0,3.0,14000.0,51000.0,0.0,0.0,9.9,1.0
5005,Baxter,AR,0.0,1.0,0.0,7.0,4.0,66000.0,3000.0,0.0,0.0,9.1,1.0
5011,Bradley,AR,0.0,6.0,0.0,0.0,0.0,0.0,0.0,0.0,0.0,8.8,1.0
5015,Carroll,AR,0.0,9.0,8.0,5.0,6.0,55000.0,47000.0,1.0,1.0,6.5,0.0
5025,Cleveland,AR,0.0,0.0,0.0,0.0,0.0,0.0,0.0,0.0,0.0,8.5,0.0
5045,Faulkner,AR,0.0,11.0,1.0,6.0,13.0,64000.0,76000.0,0.0,0.0,10.3,1.0
5047,Franklin,AR,0.0,0.0,2.0,0.0,10.0,0.0,39000.0,0.0,0.0,8.8,1.0
5051,Garland,AR,0.0,1.0,2.0,0.0,4.0,0.0,42000.0,1.0,1.0,10.2,1.0
5055,Greene,AR,0.0,2.0,0.0,3.0,0.0,119000.0,0.0,0.0,0.0,9.8,1.0
5059,Hot Spring,AR,0.0,4.0,2.0,5.0,3.0,525000.0,6000.0,1.0,1.0,10.5,1.0
5061,Howard,AR,0.0,0.0,6.0,0.0,5.0,0.0,158000.0,0.0,0.0,8.0,0.0
5067,Jackson,AR,0.0,2.0,1.0,0.0,0.0,0.0,0.0,0.0,0.0,8.3,0.0
5069,Jefferson,AR,0.0,5.0,1.0,9.0,8.0,39000.0,122000.0,0.0,0.0,11.9,1.0
5079,Lincoln,AR,0.0,3.0,4.0,7.0,3.0,59000.0,12000.0,0.0,0.0,9.6,1.0
5085,Lonoke,AR,0.0,8.0,1.0,12.0,25.0,80000.0,128000.0,0.0,1.0,9.7,1.0
5091,Miller,AR,0.0,0.0,0.0,0.0,15.0,0.0,272000.0,0.0,0.0,10.4,1.0
5107,Phillips,AR,0.0,1.0,0.0,0.0,5.0,0.0,99000.0,0.0,0.0,13.6,1.0
5113,Polk,AR,0.0,2.0,1.0,0.0,0.0,0.0,0.0,0.0,0.0,8.6,0.0
5115,Pope,AR,0.0,3.0,5.0,0.0,20.0,0.0,43000.0,0.0,1.0,11.5,1.0
5117,Prairie,AR,0.0,2.0,2.0,15.0,5.0,170000.0,67000.0,0.0,0.0,7.7,0.0
5119,Pulaski,AR,1.0,3.0,4.0,9.0,11.0,92000.0,65000.0,1.0,1.0,10.8,1.0
5121,Randolph,AR,0.0,0.0,0.0,6.0,6.0,24000.0,48000.0,0.0,0.0,11.0,1.0
5127,Scott,AR,0.0,2.0,0.0,0.0,0.0,0.0,0.0,0.0,1.0,9.5,1.0
5135,Sharp,AR,0.0,5.0,0.0,6.0,6.0,19000.0,32000.0,1.0,1.0,11.4,1.0
5139,Union,AR,0.0,0.0,2.0,6.0,5.0,5000.0,3000.0,1.0,0.0,10.4,1.0
5143,Washington,AR,0.0,10.0,7.0,6.0,21.0,13000.0,41000.0,1.0,1.0,9.9,1.0
5145,White,AR,0.0,3.0,2.0,8.0,8.0,147000.0,54000.0,1.0,1.0,11.9,1.0
5149,Yell,AR,0.0,3.0,2.0,4.0,3.0,9000.0,7000.0,1.0,1.0,9.5,1.0
6001,Alameda,CA,1.0,6.0,4.0,4.0,16.0,29000.0,196000.0,1.0,1.0,6.6,0.0
6007,Butte,CA,1.0,15.0,23.0,22.0,38.0,287000.0,392000.0,1.0,1.0,8.9,1.0
6009,Calaveras,CA,0.0,19.0,3.0,6.0,20.0,116000.0,1493000.0,1.0,1.0,7.2,0.0
6011,Colusa,CA,0.0,5.0,11.0,18.0,18.0,171000.0,206000.0,1.0,1.0,7.1,0.0
6013,Contra Costa,CA,0.0,5.0,11.0,13.0,33.0,487000.0,665000.0,1.0,1.0,7.6,0.0
6015,Del Norte,CA,0.0,3.0,5.0,4.0,13.0,45000.0,137000.0,1.0,1.0,8.1,0.0
6017,El Dorado,CA,1.0,13.0,27.0,19.0,42.0,2539000.0,1146000.0,1.0,1.0,6.4,0.0
6019,Fresno,CA,0.0,59.0,41.0,15.0,39.0,442000.0,743000.0,1.0,1.0,9.6,1.0
6021,Glenn,CA,0.0,11.0,8.0,14.0,11.0,334000.0,53000.0,1.0,1.0,7.0,0.0
6023,Humboldt,CA,0.0,15.0,30.0,19.0,28.0,112000.0,302000.0,1.0,1.0,7.4,0.0
6029,Kern,CA,0.0,12.0,12.0,11.0,27.0,594000.0,1091000.0,1.0,1.0,10.5,1.0
6031,Kings,CA,0.0,7.0,6.0,0.0,8.0,0.0,46000.0,1.0,1.0,10.5,1.0
6033,Lake,CA,0.0,5.0,14.0,15.0,27.0,213000.0,450000.0,1.0,1.0,8.2,0.0
6035,Lassen,CA,0.0,1.0,0.0,7.0,5.0,42000.0,43000.0,0.0,1.0,7.7,0.0
6039,Madera,CA,1.0,13.0,14.0,6.0,16.0,546000.0,986000.0,1.0,1.0,9.4,1.0
6045,Mendocino,CA,0.0,25.0,28.0,21.0,32.0,1778000.0,1221000.0,1.0,1.0,8.3,0.0
6047,Merced,CA,0.0,32.0,16.0,12.0,35.0,632000.0,405000.0,1.0,1.0,11.3,1.0
6049,Modoc,CA,0.0,5.0,0.0,8.0,8.0,61000.0,132000.0,0.0,0.0,7.5,0.0
6053,Monterey,CA,2.0,16.0,16.0,26.0,46.0,504000.0,1292000.0,1.0,1.0,8.2,0.0
6055,Napa,CA,0.0,6.0,3.0,29.0,119.0,1816000.0,23723000.0,1.0,1.0,7.5,0.0
6057,Nevada,CA,1.0,11.0,39.0,9.0,33.0,7000.0,155000.0,1.0,1.0,5.1,0.0
6061,Placer,CA,1.0,33.0,25.0,22.0,20.0,302000.0,72000.0,1.0,1.0,6.0,0.0
6065,Riverside,CA,1.0,35.0,20.0,24.0,75.0,883000.0,1932000.0,1.0,1.0,9.6,1.0
6067,Sacramento,CA,0.0,9.0,19.0,18.0,45.0,435000.0,1137000.0,1.0,1.0,8.9,1.0
6069,San Benito,CA,0.0,10.0,8.0,7.0,22.0,71000.0,139000.0,1.0,0.0,7.8,0.0
6073,San Diego,CA,0.0,79.0,76.0,18.0,46.0,1607000.0,2322000.0,1.0,1.0,7.8,0.0
6075,San Francisco,CA,0.0,0.0,0.0,0.0,0.0,0.0,0.0,1.0,1.0,6.6,0.0
6077,San Joaquin,CA,0.0,36.0,29.0,11.0,23.0,913000.0,427000.0,1.0,1.0,9.9,1.0
6079,San Luis Obispo,CA,0.0,54.0,48.0,41.0,76.0,3024000.0,1272000.0,1.0,1.0,7.8,0.0
6081,San Mateo,CA,0.0,3.0,8.0,7.0,8.0,977000.0,520000.0,1.0,1.0,7.4,0.0
6083,Santa Barbara,CA,0.0,22.0,26.0,10.0,23.0,453000.0,1240000.0,1.0,1.0,6.8,0.0
6085,Santa Clara,CA,0.0,5.0,23.0,17.0,57.0,1091000.0,642000.0,1.0,1.0,8.3,0.0
6087,Santa Cruz,CA,0.0,22.0,24.0,10.0,32.0,191000.0,254000.0,1.0,1.0,5.7,0.0
6089,Shasta,CA,0.0,14.0,22.0,11.0,36.0,155000.0,489000.0,1.0,1.0,8.0,0.0
6091,Sierra,CA,0.0,0.0,1.0,0.0,0.0,0.0,0.0,1.0,0.0,6.9,0.0
6093,Siskiyou,CA,0.0,7.0,12.0,17.0,16.0,302000.0,108000.0,1.0,1.0,6.6,0.0
6095,Solano,CA,0.0,18.0,25.0,13.0,44.0,1742000.0,1557000.0,1.0,1.0,8.1,0.0
6097,Sonoma,CA,1.0,44.0,75.0,46.0,135.0,1934000.0,3894000.0,1.0,1.0,7.8,0.0
6099,Stanislaus,CA,0.0,36.0,25.0,10.0,28.0,484000.0,134000.0,1.0,1.0,9.4,1.0
6103,Tehama,CA,0.0,21.0,18.0,11.0,14.0,178000.0,147000.0,1.0,1.0,7.7,0.0
6105,Trinity,CA,0.0,5.0,8.0,4.0,5.0,50000.0,233000.0,1.0,1.0,6.9,0.0
6109,Tuolumne,CA,0.0,7.0,1.0,6.0,18.0,390000.0,664000.0,1.0,1.0,6.7,0.0
6113,Yolo,CA,1.0,19.0,27.0,20.0,23.0,361000.0,734000.0,1.0,1.0,7.8,0.0
8001,Adams,CO,0.0,5.0,4.0,16.0,11.0,494000.0,422000.0,1.0,1.0,7.7,0.0
8005,Arapahoe,CO,0.0,3.0,5.0,7.0,6.0,25000.0,394000.0,1.0,1.0,7.1,0.0
8007,Archuleta,CO,0.0,0.0,0.0,10.0,24.0,185000.0,481000.0,0.0,0.0,5.6,0.0
8013,Boulder,CO,0.0,10.0,29.0,10.0,31.0,260000.0,505000.0,1.0,1.0,5.5,0.0
8015,Chaffee,CO,0.0,3.0,4.0,3.0,11.0,12000.0,312000.0,1.0,1.0,6.1,0.0
8017,Cheyenne,CO,0.0,0.0,0.0,4.0,7.0,55000.0,70000.0,0.0,0.0,7.3,0.0
8029,Delta,CO,0.0,21.0,23.0,29.0,21.0,2043000.0,293000.0,1.0,1.0,7.0,0.0
8033,Dolores,CO,0.0,3.0,2.0,5.0,8.0,30000.0,32000.0,0.0,1.0,6.9,0.0
8039,Elbert,CO,0.0,3.0,7.0,14.0,14.0,1053000.0,1104000.0,1.0,0.0,6.6,0.0
8043,Fremont,CO,0.0,1.0,5.0,16.0,14.0,264000.0,191000.0,1.0,0.0,7.6,0.0
8045,Garfield,CO,0.0,6.0,3.0,24.0,32.0,306000.0,663000.0,1.0,1.0,5.7,0.0
8047,Gilpin,CO,0.0,0.0,0.0,0.0,4.0,0.0,6000.0,0.0,0.0,6.5,0.0
8049,Grand,CO,0.0,0.0,0.0,25.0,29.0,2992000.0,2218000.0,0.0,0.0,5.6,0.0
8051,Gunnison,CO,0.0,2.0,0.0,18.0,17.0,310000.0,243000.0,1.0,1.0,6.1,0.0
8055,Huerfano,CO,0.0,0.0,0.0,6.0,15.0,67000.0,406000.0,0.0,0.0,7.0,0.0
8057,Jackson,CO,0.0,0.0,0.0,7.0,11.0,538000.0,427000.0,0.0,0.0,7.4,0.0
8061,Kiowa,CO,0.0,0.0,0.0,5.0,5.0,10000.0,21000.0,0.0,1.0,6.8,0.0
8067,La Plata,CO,0.0,9.0,19.0,31.0,35.0,2229000.0,1409000.0,1.0,1.0,6.8,0.0
8069,Larimer,CO,1.0,21.0,20.0,36.0,38.0,1120000.0,3548000.0,1.0,1.0,5.3,0.0
8071,Las Animas,CO,0.0,1.0,0.0,35.0,31.0,857000.0,596000.0,1.0,1.0,9.3,1.0
8077,Mesa,CO,0.0,11.0,20.0,21.0,38.0,297000.0,440000.0,1.0,1.0,7.1,0.0
8081,Moffat,CO,0.0,2.0,4.0,62.0,52.0,4494000.0,1800000.0,1.0,0.0,7.1,0.0
8083,Montezuma,CO,0.0,7.0,9.0,14.0,23.0,103000.0,362000.0,1.0,1.0,8.6,0.0
8085,Montrose,CO,0.0,7.0,9.0,26.0,28.0,191000.0,148000.0,0.0,1.0,6.8,0.0
8087,Morgan,CO,0.0,2.0,4.0,10.0,14.0,57000.0,287000.0,1.0,1.0,7.0,0.0
8089,Otero,CO,0.0,2.0,1.0,0.0,8.0,0.0,18000.0,1.0,1.0,8.5,0.0
8091,Ouray,CO,0.0,4.0,1.0,7.0,14.0,133000.0,336000.0,1.0,0.0,6.7,0.0
8093,Park,CO,0.0,1.0,2.0,18.0,11.0,1341000.0,248000.0,0.0,0.0,5.9,0.0
8101,Pueblo,CO,0.0,16.0,5.0,9.0,6.0,87000.0,40000.0,1.0,1.0,9.1,1.0
8103,Rio Blanco,CO,0.0,0.0,2.0,28.0,41.0,1112000.0,1490000.0,1.0,1.0,6.3,0.0
8107,Routt,CO,0.0,11.0,4.0,29.0,56.0,3770000.0,3401000.0,1.0,1.0,5.9,0.0
8109,Saguache,CO,0.0,3.0,2.0,10.0,14.0,146000.0,251000.0,0.0,0.0,8.2,0.0
8111,San Juan,CO,0.0,0.0,0.0,0.0,0.0,0.0,0.0,0.0,0.0,7.0,0.0
8121,Washington,CO,0.0,1.0,2.0,5.0,0.0,12000.0,0.0,1.0,1.0,7.5,0.0
8123,Weld,CO,0.0,15.0,14.0,31.0,50.0,605000.0,647000.0,1.0,1.0,8.0,0.0
8125,Yuma,CO,0.0,1.0,6.0,6.0,7.0,173000.0,25000.0,0.0,1.0,6.8,0.0
9001,Fairfield,CT,0.0,7.0,15.0,11.0,27.0,182000.0,1059000.0,1.0,1.0,6.4,0.0
9003,Hartford,CT,0.0,12.0,48.0,24.0,30.0,1584000.0,938000.0,1.0,1.0,8.7,0.0
9005,Litchfield,CT,0.0,21.0,35.0,22.0,33.0,1895000.0,717000.0,1.0,1.0,6.2,0.0
9009,New Haven,CT,0.0,16.0,34.0,11.0,56.0,354000.0,1067000.0,1.0,1.0,8.8,1.0
9011,New London,CT,0.0,18.0,39.0,11.0,34.0,713000.0,748000.0,1.0,1.0,8.3,0.0
9013,Tolland,CT,0.0,11.0,7.0,9.0,25.0,83000.0,1088000.0,1.0,1.0,7.2,0.0
12001,Alachua,FL,0.0,11.0,14.0,8.0,23.0,82000.0,145000.0,1.0,1.0,10.0,1.0
12009,Brevard,FL,0.0,4.0,2.0,10.0,6.0,31000.0,17000.0,1.0,1.0,9.6,1.0
12031,Duval,FL,0.0,1.0,7.0,3.0,9.0,281000.0,11000.0,0.0,1.0,12.3,1.0
12041,Gilchrist,FL,0.0,3.0,5.0,0.0,5.0,0.0,35000.0,1.0,1.0,10.6,1.0
12043,Glades,FL,0.0,0.0,0.0,3.0,5.0,1284000.0,363000.0,0.0,0.0,13.4,1.0
12047,Hamilton,FL,0.0,0.0,0.0,3.0,9.0,24000.0,65000.0,1.0,0.0,12.0,1.0
12055,Highlands,FL,0.0,3.0,1.0,7.0,4.0,140000.0,31000.0,0.0,1.0,10.5,1.0
12057,Hillsborough,FL,0.0,9.0,24.0,15.0,42.0,132000.0,289000.0,1.0,1.0,9.8,1.0
12059,Holmes,FL,0.0,0.0,5.0,8.0,9.0,27000.0,18000.0,0.0,0.0,12.1,1.0
12063,Jackson,FL,0.0,3.0,11.0,19.0,19.0,77000.0,107000.0,1.0,0.0,13.9,1.0
12065,Jefferson,FL,0.0,9.0,4.0,8.0,13.0,30000.0,237000.0,0.0,1.0,10.3,1.0
12069,Lake,FL,0.0,10.0,8.0,5.0,20.0,50000.0,809000.0,1.0,1.0,9.2,1.0
12081,Manatee,FL,1.0,1.0,18.0,15.0,12.0,330000.0,349000.0,1.0,1.0,8.0,0.0
12086,Miami-Dade,FL,0.0,37.0,28.0,6.0,50.0,73000.0,707000.0,1.0,1.0,7.1,0.0
12087,Monroe,FL,0.0,0.0,0.0,0.0,5.0,0.0,9000.0,0.0,0.0,6.7,0.0
12091,Okaloosa,FL,0.0,6.0,0.0,7.0,13.0,159000.0,22000.0,1.0,1.0,10.3,1.0
12097,Osceola,FL,0.0,2.0,4.0,6.0,10.0,1170000.0,683000.0,1.0,1.0,11.1,1.0
12099,Palm Beach,FL,0.0,4.0,18.0,8.0,16.0,321000.0,374000.0,1.0,1.0,9.0,1.0
12113,Santa Rosa,FL,0.0,5.0,5.0,5.0,14.0,579000.0,602000.0,0.0,1.0,8.7,0.0
12119,Sumter,FL,0.0,1.0,8.0,3.0,6.0,1000.0,23000.0,1.0,1.0,9.4,1.0
13013,Barrow,GA,0.0,0.0,0.0,5.0,4.0,12000.0,31000.0,0.0,1.0,8.8,1.0
13023,Bleckley,GA,0.0,1.0,0.0,6.0,7.0,21000.0,10000.0,1.0,1.0,6.9,0.0
13033,Burke,GA,0.0,3.0,0.0,10.0,10.0,26000.0,39000.0,1.0,1.0,10.4,1.0
13037,Calhoun,GA,0.0,3.0,0.0,10.0,6.0,154000.0,321000.0,0.0,0.0,8.5,0.0
13047,Catoosa,GA,0.0,1.0,1.0,5.0,5.0,28000.0,4000.0,0.0,0.0,10.8,1.0
13049,Charlton,GA,0.0,1.0,1.0,0.0,5.0,0.0,264000.0,0.0,0.0,8.0,0.0
13051,Chatham,GA,0.0,0.0,1.0,0.0,0.0,0.0,0.0,1.0,1.0,9.7,1.0
13067,Cobb,GA,0.0,3.0,4.0,0.0,7.0,0.0,2358000.0,1.0,1.0,8.4,0.0
13087,Decatur,GA,0.0,0.0,0.0,4.0,14.0,4000.0,87000.0,1.0,1.0,10.2,1.0
13101,Echols,GA,0.0,0.0,0.0,0.0,0.0,0.0,0.0,1.0,1.0,7.3,0.0
13105,Elbert,GA,0.0,1.0,3.0,8.0,10.0,21000.0,41000.0,0.0,1.0,8.8,1.0
13109,Evans,GA,0.0,0.0,0.0,0.0,3.0,0.0,3000.0,1.0,1.0,7.1,0.0
13115,Floyd,GA,0.0,7.0,3.0,6.0,16.0,7000.0,47000.0,0.0,1.0,11.4,1.0
13121,Fulton,GA,4.0,8.0,11.0,7.0,17.0,175000.0,123000.0,1.0,1.0,8.4,0.0
13127,Glynn,GA,0.0,1.0,1.0,0.0,6.0,0.0,3000.0,0.0,0.0,7.5,0.0
13129,Gordon,GA,0.0,3.0,4.0,4.0,14.0,18000.0,110000.0,1.0,1.0,9.0,1.0
13141,Hancock,GA,0.0,7.0,6.0,4.0,5.0,17000.0,16000.0,0.0,0.0,8.6,0.0
13149,Heard,GA,0.0,0.0,2.0,0.0,0.0,0.0,0.0,0.0,0.0,7.9,0.0
13161,Jeff Davis,GA,0.0,0.0,0.0,0.0,0.0,0.0,0.0,1.0,1.0,7.8,0.0
13165,Jenkins,GA,0.0,1.0,0.0,7.0,14.0,62000.0,81000.0,0.0,1.0,8.2,0.0
13167,Johnson,GA,0.0,2.0,0.0,5.0,14.0,20000.0,13000.0,0.0,0.0,8.5,0.0
13175,Laurens,GA,0.0,4.0,1.0,12.0,9.0,68000.0,51000.0,1.0,1.0,13.2,1.0
13191,McIntosh,GA,0.0,0.0,0.0,0.0,7.0,0.0,10000.0,0.0,0.0,8.9,1.0
13195,Madison,GA,0.0,5.0,10.0,10.0,7.0,138000.0,422000.0,1.0,1.0,8.8,1.0
13197,Marion,GA,0.0,0.0,1.0,8.0,25.0,29000.0,64000.0,0.0,0.0,11.2,1.0
13209,Montgomery,GA,0.0,0.0,0.0,6.0,6.0,27000.0,11000.0,0.0,0.0,7.9,0.0
13213,Murray,GA,0.0,2.0,0.0,6.0,14.0,29000.0,45000.0,1.0,1.0,10.8,1.0
13227,Pickens,GA,0.0,2.0,2.0,5.0,3.0,19000.0,129000.0,1.0,1.0,9.7,1.0
13233,Polk,GA,0.0,1.0,6.0,7.0,10.0,103000.0,42000.0,0.0,0.0,10.0,1.0
13237,Putnam,GA,0.0,2.0,0.0,0.0,3.0,0.0,277000.0,0.0,1.0,8.5,0.0
13249,Schley,GA,0.0,0.0,0.0,7.0,12.0,103000.0,71000.0,0.0,0.0,7.6,0.0
13261,Sumter,GA,0.0,5.0,1.0,16.0,9.0,481000.0,166000.0,1.0,1.0,13.6,1.0
13269,Taylor,GA,0.0,3.0,0.0,13.0,7.0,67000.0,61000.0,1.0,0.0,8.7,0.0
13275,Thomas,GA,0.0,6.0,0.0,5.0,5.0,286000.0,635000.0,1.0,1.0,7.6,0.0
13303,Washington,GA,0.0,4.0,0.0,11.0,23.0,124000.0,54000.0,0.0,0.0,8.8,1.0
13315,Wilcox,GA,0.0,7.0,1.0,7.0,8.0,15000.0,35000.0,1.0,0.0,9.9,1.0
15003,Honolulu,HI,2.0,23.0,27.0,24.0,36.0,6647000.0,6449000.0,1.0,1.0,10.4,1.0
16001,Ada,ID,0.0,15.0,20.0,6.0,8.0,102000.0,700000.0,1.0,1.0,6.9,0.0
16011,Bingham,ID,0.0,14.0,3.0,5.0,3.0,116000.0,101000.0,1.0,1.0,9.4,1.0
16019,Bonneville,ID,0.0,4.0,7.0,3.0,7.0,107000.0,87000.0,1.0,1.0,9.4,1.0
16021,Boundary,ID,0.0,3.0,7.0,3.0,4.0,2000.0,20000.0,1.0,0.0,7.6,0.0
16023,Butte,ID,0.0,0.0,0.0,0.0,0.0,0.0,0.0,0.0,0.0,7.2,0.0
16025,Camas,ID,0.0,1.0,2.0,0.0,0.0,0.0,0.0,1.0,1.0,7.3,0.0
16027,Canyon,ID,0.0,5.0,8.0,6.0,15.0,111000.0,506000.0,1.0,1.0,10.2,1.0
16037,Custer,ID,0.0,0.0,4.0,13.0,7.0,3088000.0,678000.0,1.0,0.0,7.2,0.0
16045,Gem,ID,0.0,7.0,8.0,7.0,8.0,459000.0,15000.0,1.0,1.0,8.8,1.0
16049,Idaho,ID,0.0,7.0,2.0,8.0,12.0,338000.0,266000.0,1.0,1.0,7.2,0.0
16071,Oneida,ID,0.0,2.0,1.0,0.0,0.0,0.0,0.0,0.0,0.0,8.3,0.0
16079,Shoshone,ID,0.0,0.0,0.0,0.0,0.0,0.0,0.0,0.0,0.0,7.9,0.0
17001,Adams,IL,0.0,3.0,3.0,29.0,40.0,184000.0,204000.0,1.0,0.0,8.9,1.0
17007,Boone,IL,0.0,6.0,3.0,0.0,5.0,0.0,477000.0,0.0,1.0,6.9,0.0
17013,Calhoun,IL,0.0,6.0,1.0,17.0,30.0,210000.0,257000.0,1.0,1.0,6.9,0.0
17017,Cass,IL,0.0,2.0,0.0,8.0,3.0,73000.0,26000.0,1.0,0.0,6.7,0.0
17021,Christian,IL,0.0,6.0,2.0,4.0,0.0,17000.0,0.0,1.0,1.0,7.6,0.0
17023,Clark,IL,1.0,1.0,0.0,5.0,8.0,9000.0,12000.0,0.0,1.0,7.9,0.0
17033,Crawford,IL,0.0,2.0,4.0,0.0,11.0,0.0,19000.0,1.0,1.0,7.4,0.0
17037,DeKalb,IL,0.0,1.0,2.0,16.0,13.0,657000.0,234000.0,1.0,1.0,7.2,0.0
17045,Edgar,IL,0.0,2.0,2.0,13.0,11.0,355000.0,333000.0,1.0,0.0,7.2,0.0
17051,Fayette,IL,0.0,4.0,1.0,4.0,4.0,4000.0,27000.0,1.0,1.0,8.1,0.0
17053,Ford,IL,0.0,0.0,1.0,9.0,8.0,476000.0,50000.0,0.0,0.0,6.7,0.0
17055,Franklin,IL,0.0,3.0,4.0,5.0,7.0,12000.0,76000.0,1.0,1.0,8.4,0.0
17057,Fulton,IL,0.0,5.0,4.0,21.0,22.0,107000.0,193000.0,1.0,1.0,6.5,0.0
17061,Greene,IL,0.0,6.0,0.0,22.0,18.0,210000.0,217000.0,0.0,0.0,6.8,0.0
17067,Hancock,IL,0.0,0.0,1.0,16.0,19.0,94000.0,171000.0,1.0,1.0,6.8,0.0
17073,Henry,IL,0.0,2.0,0.0,6.0,4.0,64000.0,83000.0,1.0,1.0,7.9,0.0
17077,Jackson,IL,0.0,0.0,2.0,4.0,6.0,14000.0,12000.0,1.0,1.0,7.8,0.0
17079,Jasper,IL,0.0,2.0,1.0,0.0,5.0,0.0,3000.0,1.0,0.0,6.9,0.0
17091,Kankakee,IL,0.0,6.0,4.0,5.0,8.0,27000.0,27000.0,1.0,1.0,9.5,1.0
17095,Knox,IL,0.0,1.0,3.0,9.0,22.0,39000.0,68000.0,1.0,0.0,8.4,0.0
17097,Lake,IL,0.0,1.0,16.0,19.0,12.0,677000.0,112000.0,1.0,1.0,7.5,0.0
17107,Logan,IL,0.0,2.0,3.0,0.0,3.0,0.0,21000.0,1.0,0.0,7.0,0.0
17109,McDonough,IL,0.0,6.0,7.0,5.0,11.0,31000.0,61000.0,1.0,0.0,8.0,0.0
17111,McHenry,IL,0.0,9.0,24.0,19.0,17.0,1235000.0,1034000.0,1.0,1.0,7.4,0.0
17117,Macoupin,IL,0.0,10.0,4.0,7.0,3.0,10000.0,14000.0,1.0,1.0,7.3,0.0
17121,Marion,IL,0.0,1.0,8.0,3.0,3.0,1000.0,5000.0,1.0,1.0,8.0,0.0
17137,Morgan,IL,0.0,8.0,0.0,5.0,12.0,5000.0,30000.0,1.0,1.0,7.9,0.0
17147,Piatt,IL,0.0,0.0,0.0,0.0,0.0,0.0,0.0,1.0,0.0,7.2,0.0
17149,Pike,IL,0.0,2.0,3.0,74.0,96.0,848000.0,828000.0,0.0,0.0,7.4,0.0
17151,Pope,IL,0.0,0.0,0.0,10.0,14.0,102000.0,49000.0,0.0,0.0,7.2,0.0
17169,Schuyler,IL,0.0,2.0,3.0,29.0,25.0,296000.0,163000.0,0.0,0.0,7.3,0.0
17173,Shelby,IL,0.0,16.0,3.0,0.0,0.0,0.0,0.0,1.0,1.0,7.7,0.0
17181,Union,IL,0.0,7.0,3.0,11.0,12.0,334000.0,406000.0,0.0,1.0,7.2,0.0
17191,Wayne,IL,0.0,4.0,0.0,5.0,8.0,13000.0,21000.0,1.0,1.0,7.5,0.0
17199,Williamson,IL,0.0,3.0,5.0,10.0,13.0,48000.0,121000.0,1.0,1.0,9.7,1.0
17201,Winnebago,IL,0.0,4.0,9.0,10.0,13.0,224000.0,127000.0,1.0,1.0,8.6,0.0
17203,Woodford,IL,0.0,6.0,6.0,10.0,10.0,192000.0,178000.0,1.0,0.0,6.8,0.0
18009,Blackford,IN,0.0,2.0,0.0,0.0,0.0,0.0,0.0,0.0,0.0,8.5,0.0
18013,Brown,IN,1.0,3.0,2.0,3.0,0.0,1000.0,0.0,0.0,0.0,6.9,0.0
18027,Daviess,IN,0.0,1.0,2.0,0.0,0.0,0.0,0.0,1.0,1.0,7.2,0.0
18031,Decatur,IN,0.0,8.0,2.0,3.0,5.0,11000.0,13000.0,0.0,0.0,8.9,1.0
18051,Gibson,IN,0.0,1.0,0.0,3.0,3.0,2000.0,4000.0,1.0,0.0,7.4,0.0
18057,Hamilton,IN,0.0,1.0,2.0,4.0,11.0,73000.0,95000.0,1.0,1.0,8.1,0.0
18069,Huntington,IN,0.0,1.0,0.0,0.0,0.0,0.0,0.0,1.0,1.0,11.3,1.0
18071,Jackson,IN,0.0,7.0,0.0,4.0,5.0,8000.0,35000.0,1.0,1.0,9.9,1.0
18075,Jay,IN,0.0,4.0,0.0,0.0,0.0,0.0,0.0,0.0,0.0,10.1,1.0
18089,Lake,IN,0.0,0.0,1.0,6.0,8.0,682000.0,686000.0,1.0,1.0,11.7,1.0
18093,Lawrence,IN,0.0,6.0,2.0,7.0,3.0,21000.0,11000.0,0.0,0.0,9.3,1.0
18117,Orange,IN,0.0,3.0,0.0,4.0,8.0,221000.0,16000.0,0.0,1.0,8.1,0.0
18121,Parke,IN,0.0,1.0,7.0,7.0,11.0,17000.0,171000.0,0.0,0.0,7.8,0.0
18133,Putnam,IN,0.0,1.0,5.0,4.0,12.0,17000.0,69000.0,1.0,0.0,11.2,1.0
18137,Ripley,IN,0.0,5.0,10.0,7.0,3.0,5000.0,9000.0,0.0,1.0,9.0,1.0
18157,Tippecanoe,IN,0.0,3.0,2.0,0.0,3.0,0.0,110000.0,1.0,1.0,9.7,1.0
18159,Tipton,IN,0.0,0.0,2.0,0.0,0.0,0.0,0.0,0.0,1.0,9.8,1.0
18165,Vermillion,IN,0.0,3.0,0.0,3.0,0.0,4000.0,0.0,0.0,0.0,8.8,1.0
19005,Allamakee,IA,0.0,12.0,3.0,5.0,0.0,37000.0,0.0,1.0,1.0,7.8,0.0
19017,Bremer,IA,0.0,5.0,4.0,0.0,0.0,0.0,0.0,1.0,1.0,7.6,0.0
19019,Buchanan,IA,0.0,6.0,2.0,0.0,0.0,0.0,0.0,1.0,1.0,8.6,0.0
19023,Butler,IA,0.0,4.0,3.0,0.0,0.0,0.0,0.0,0.0,1.0,8.5,0.0
19027,Carroll,IA,0.0,8.0,1.0,0.0,0.0,0.0,0.0,0.0,0.0,6.3,0.0
19035,Cherokee,IA,0.0,1.0,0.0,0.0,0.0,0.0,0.0,1.0,1.0,6.6,0.0
19053,Decatur,IA,0.0,8.0,3.0,5.0,9.0,19000.0,79000.0,0.0,0.0,8.7,0.0
19055,Delaware,IA,0.0,8.0,1.0,7.0,5.0,76000.0,35000.0,1.0,1.0,8.1,0.0
19063,Emmet,IA,0.0,1.0,1.0,0.0,0.0,0.0,0.0,0.0,0.0,7.5,0.0
19069,Franklin,IA,0.0,3.0,2.0,0.0,0.0,0.0,0.0,0.0,0.0,9.1,1.0
19077,Guthrie,IA,0.0,3.0,1.0,7.0,7.0,29000.0,49000.0,1.0,0.0,6.9,0.0
19085,Harrison,IA,0.0,3.0,2.0,0.0,4.0,0.0,104000.0,1.0,1.0,9.8,1.0
19091,Humboldt,IA,0.0,4.0,3.0,0.0,0.0,0.0,0.0,0.0,0.0,7.7,0.0
19093,Ida,IA,0.0,0.0,0.0,0.0,0.0,0.0,0.0,0.0,0.0,6.5,0.0
19105,Jones,IA,0.0,2.0,4.0,3.0,4.0,3000.0,26000.0,1.0,1.0,8.3,0.0
19107,Keokuk,IA,0.0,1.0,2.0,0.0,3.0,0.0,5000.0,1.0,0.0,6.7,0.0
19117,Lucas,IA,0.0,4.0,1.0,5.0,9.0,10000.0,40000.0,0.0,0.0,9.3,1.0
19119,Lyon,IA,0.0,4.0,0.0,0.0,0.0,0.0,0.0,0.0,0.0,9.1,1.0
19141,O'Brien,IA,0.0,4.0,1.0,0.0,3.0,0.0,2000.0,0.0,0.0,6.4,0.0
19151,Pocahontas,IA,0.0,1.0,2.0,7.0,0.0,2000.0,0.0,0.0,0.0,6.5,0.0
19173,Taylor,IA,0.0,3.0,3.0,4.0,4.0,10000.0,3000.0,1.0,1.0,8.6,0.0
19175,Union,IA,0.0,2.0,1.0,4.0,4.0,8000.0,18000.0,0.0,0.0,11.2,1.0
19177,Van Buren,IA,0.0,0.0,3.0,12.0,9.0,33000.0,33000.0,1.0,1.0,7.9,0.0
19179,Wapello,IA,0.0,0.0,0.0,0.0,4.0,0.0,4000.0,1.0,1.0,10.6,1.0
19185,Wayne,IA,0.0,8.0,0.0,3.0,8.0,4000.0,80000.0,0.0,0.0,10.6,1.0
19189,Winnebago,IA,0.0,0.0,2.0,0.0,0.0,0.0,0.0,0.0,0.0,7.3,0.0
19193,Woodbury,IA,0.0,6.0,1.0,0.0,0.0,0.0,0.0,1.0,1.0,8.5,0.0
20001,Allen,KS,0.0,1.0,0.0,3.0,14.0,64000.0,43000.0,1.0,0.0,10.9,1.0
20003,Anderson,KS,0.0,0.0,1.0,9.0,14.0,43000.0,28000.0,0.0,0.0,8.2,0.0
20007,Barber,KS,0.0,0.0,1.0,27.0,20.0,174000.0,243000.0,0.0,0.0,7.5,0.0
20009,Barton,KS,0.0,0.0,5.0,3.0,10.0,3000.0,17000.0,0.0,1.0,10.4,1.0
20011,Bourbon,KS,0.0,0.0,1.0,12.0,19.0,44000.0,78000.0,1.0,0.0,10.8,1.0
20013,Brown,KS,0.0,0.0,2.0,4.0,0.0,26000.0,0.0,0.0,1.0,9.6,1.0
20015,Butler,KS,0.0,1.0,0.0,9.0,14.0,100000.0,227000.0,1.0,1.0,9.0,1.0
20019,Chautauqua,KS,0.0,0.0,0.0,20.0,23.0,110000.0,194000.0,0.0,0.0,7.5,0.0
20025,Clark,KS,0.0,0.0,0.0,6.0,7.0,40000.0,32000.0,0.0,1.0,7.7,0.0
20031,Coffey,KS,0.0,0.0,2.0,4.0,6.0,6000.0,6000.0,1.0,1.0,10.3,1.0
20035,Cowley,KS,0.0,1.0,0.0,21.0,19.0,55000.0,44000.0,1.0,1.0,8.7,0.0
20041,Dickinson,KS,0.0,0.0,0.0,3.0,9.0,2000.0,7000.0,0.0,1.0,8.4,0.0
20043,Doniphan,KS,0.0,0.0,2.0,9.0,5.0,100000.0,27000.0,0.0,0.0,7.5,0.0
20047,Edwards,KS,0.0,0.0,0.0,8.0,10.0,3000.0,10000.0,0.0,0.0,8.9,1.0
20055,Finney,KS,0.0,0.0,0.0,6.0,8.0,11000.0,10000.0,0.0,1.0,8.2,0.0
20057,Ford,KS,0.0,0.0,0.0,12.0,9.0,140000.0,10000.0,0.0,0.0,10.3,1.0
20059,Franklin,KS,0.0,4.0,3.0,5.0,14.0,7000.0,1446000.0,1.0,0.0,8.4,0.0
20063,Gove,KS,0.0,0.0,0.0,8.0,8.0,44000.0,59000.0,1.0,1.0,9.7,1.0
20065,Graham,KS,0.0,0.0,2.0,15.0,9.0,33000.0,8000.0,1.0,0.0,7.3,0.0
20069,Gray,KS,0.0,0.0,0.0,6.0,5.0,61000.0,5000.0,1.0,0.0,8.1,0.0
20077,Harper,KS,0.0,0.0,1.0,8.0,17.0,17000.0,50000.0,0.0,1.0,7.3,0.0
20087,Jefferson,KS,0.0,15.0,8.0,10.0,16.0,173000.0,639000.0,1.0,0.0,8.8,1.0
20089,Jewell,KS,0.0,1.0,0.0,12.0,5.0,43000.0,50000.0,0.0,1.0,8.1,0.0
20091,Johnson,KS,0.0,0.0,0.0,12.0,8.0,662000.0,114000.0,1.0,1.0,7.1,0.0
20093,Kearny,KS,0.0,0.0,0.0,10.0,12.0,49000.0,9000.0,1.0,0.0,7.6,0.0
20095,Kingman,KS,0.0,0.0,0.0,16.0,35.0,146000.0,355000.0,1.0,0.0,8.4,0.0
20099,Labette,KS,0.0,2.0,0.0,7.0,17.0,35000.0,48000.0,0.0,1.0,10.5,1.0
20103,Leavenworth,KS,0.0,11.0,8.0,4.0,18.0,5000.0,29000.0,1.0,1.0,11.1,1.0
20107,Linn,KS,0.0,4.0,0.0,9.0,18.0,25000.0,138000.0,0.0,0.0,9.1,1.0
20111,Lyon,KS,0.0,2.0,8.0,3.0,4.0,1000.0,15000.0,1.0,1.0,7.7,0.0
20119,Meade,KS,0.0,0.0,0.0,4.0,6.0,8000.0,3000.0,1.0,0.0,9.3,1.0
20123,Mitchell,KS,0.0,0.0,2.0,8.0,11.0,11000.0,96000.0,1.0,0.0,8.2,0.0
20125,Montgomery,KS,0.0,7.0,6.0,9.0,10.0,197000.0,77000.0,0.0,0.0,10.1,1.0
20127,Morris,KS,0.0,0.0,0.0,4.0,5.0,45000.0,22000.0,1.0,0.0,8.7,0.0
20129,Morton,KS,0.0,0.0,0.0,17.0,7.0,112000.0,4000.0,0.0,0.0,8.2,0.0
20135,Ness,KS,0.0,0.0,0.0,6.0,4.0,2000.0,2000.0,0.0,1.0,8.3,0.0
20137,Norton,KS,0.0,0.0,2.0,7.0,5.0,9000.0,3000.0,1.0,1.0,8.9,1.0
20141,Osborne,KS,0.0,1.0,0.0,10.0,8.0,56000.0,39000.0,0.0,0.0,8.6,0.0
20143,Ottawa,KS,0.0,1.0,4.0,4.0,9.0,10000.0,27000.0,1.0,1.0,8.3,0.0
20145,Pawnee,KS,0.0,1.0,1.0,16.0,3.0,13000.0,2000.0,1.0,0.0,8.4,0.0
20147,Phillips,KS,0.0,0.0,0.0,9.0,4.0,17000.0,12000.0,0.0,1.0,7.5,0.0
20149,Pottawatomie,KS,0.0,1.0,5.0,14.0,4.0,50000.0,1000.0,1.0,1.0,8.9,1.0
20151,Pratt,KS,0.0,0.0,0.0,13.0,16.0,83000.0,116000.0,0.0,0.0,6.9,0.0
20155,Reno,KS,0.0,12.0,2.0,39.0,31.0,72000.0,227000.0,1.0,1.0,9.4,1.0
20159,Rice,KS,0.0,4.0,0.0,11.0,7.0,34000.0,60000.0,0.0,1.0,8.6,0.0
20163,Rooks,KS,0.0,0.0,0.0,12.0,15.0,77000.0,97000.0,1.0,0.0,7.5,0.0
20165,Rush,KS,0.0,5.0,0.0,12.0,16.0,11000.0,10000.0,0.0,1.0,6.1,0.0
20171,Scott,KS,0.0,2.0,0.0,3.0,0.0,1000.0,0.0,0.0,0.0,7.8,0.0
20173,Sedgwick,KS,0.0,9.0,4.0,10.0,18.0,247000.0,262000.0,1.0,1.0,10.7,1.0
20177,Shawnee,KS,0.0,8.0,4.0,3.0,15.0,14000.0,45000.0,1.0,1.0,10.0,1.0
20183,Smith,KS,0.0,1.0,1.0,13.0,9.0,28000.0,26000.0,0.0,1.0,6.4,0.0
20185,Stafford,KS,0.0,2.0,0.0,36.0,20.0,206000.0,59000.0,1.0,1.0,7.3,0.0
20191,Sumner,KS,0.0,5.0,5.0,10.0,5.0,23000.0,13000.0,1.0,1.0,9.4,1.0
20197,Wabaunsee,KS,0.0,1.0,0.0,15.0,10.0,170000.0,74000.0,0.0,1.0,7.6,0.0
20203,Wichita,KS,0.0,1.0,0.0,7.0,0.0,4000.0,0.0,1.0,0.0,8.5,0.0
20205,Wilson,KS,0.0,0.0,0.0,6.0,10.0,11000.0,18000.0,1.0,0.0,10.0,1.0
21001,Adair,KY,0.0,0.0,1.0,0.0,6.0,0.0,19000.0,1.0,1.0,9.5,1.0
21015,Boone,KY,0.0,6.0,5.0,9.0,6.0,340000.0,114000.0,0.0,0.0,10.5,1.0
21025,Breathitt,KY,0.0,0.0,0.0,0.0,0.0,0.0,0.0,0.0,0.0,11.2,1.0
21027,Breckinridge,KY,0.0,13.0,8.0,7.0,21.0,56000.0,169000.0,0.0,1.0,7.1,0.0
21029,Bullitt,KY,0.0,1.0,4.0,4.0,13.0,6000.0,91000.0,1.0,1.0,12.2,1.0
21031,Butler,KY,0.0,1.0,0.0,9.0,3.0,32000.0,4000.0,1.0,1.0,8.8,1.0
21033,Caldwell,KY,0.0,9.0,0.0,5.0,9.0,11000.0,33000.0,0.0,1.0,11.7,1.0
21037,Campbell,KY,1.0,6.0,2.0,5.0,23.0,354000.0,556000.0,1.0,1.0,10.3,1.0
21043,Carter,KY,0.0,10.0,7.0,4.0,5.0,21000.0,21000.0,0.0,0.0,11.4,1.0
21047,Christian,KY,0.0,18.0,8.0,29.0,25.0,153000.0,202000.0,0.0,1.0,13.7,1.0
21059,Daviess,KY,0.0,6.0,2.0,4.0,5.0,8000.0,47000.0,1.0,1.0,10.8,1.0
21063,Elliott,KY,0.0,1.0,0.0,0.0,0.0,0.0,0.0,0.0,0.0,7.2,0.0
21065,Estill,KY,0.0,4.0,1.0,0.0,0.0,0.0,0.0,1.0,1.0,8.4,0.0
21067,Fayette,KY,0.0,11.0,11.0,6.0,5.0,182000.0,233000.0,1.0,1.0,10.2,1.0
21069,Fleming,KY,0.0,3.0,1.0,3.0,14.0,1000.0,24000.0,1.0,0.0,9.9,1.0
21083,Graves,KY,0.0,7.0,2.0,5.0,17.0,2000.0,35000.0,1.0,1.0,11.1,1.0
21087,Green,KY,0.0,2.0,6.0,3.0,3.0,1000.0,3000.0,1.0,1.0,8.3,0.0
21093,Hardin,KY,0.0,9.0,4.0,11.0,13.0,23000.0,118000.0,0.0,1.0,11.0,1.0
21097,Harrison,KY,0.0,8.0,5.0,8.0,7.0,12000.0,7000.0,1.0,1.0,6.4,0.0
21099,Hart,KY,0.0,10.0,6.0,9.0,6.0,9000.0,14000.0,1.0,1.0,8.5,0.0
21103,Henry,KY,0.0,15.0,7.0,7.0,8.0,10000.0,24000.0,1.0,0.0,7.1,0.0
21107,Hopkins,KY,0.0,1.0,5.0,7.0,8.0,26000.0,133000.0,0.0,1.0,13.7,1.0
21111,Jefferson,KY,1.0,2.0,4.0,8.0,10.0,187000.0,14000.0,1.0,1.0,11.3,1.0
21121,Knox,KY,0.0,2.0,0.0,5.0,3.0,15000.0,4000.0,0.0,0.0,9.1,1.0
21123,Larue,KY,0.0,1.0,4.0,5.0,3.0,26000.0,36000.0,1.0,1.0,7.1,0.0
21125,Laurel,KY,0.0,4.0,4.0,0.0,8.0,0.0,135000.0,0.0,0.0,12.8,1.0
21133,Letcher,KY,0.0,2.0,0.0,0.0,0.0,0.0,0.0,0.0,1.0,15.4,1.0
21137,Lincoln,KY,0.0,17.0,9.0,3.0,5.0,28000.0,5000.0,0.0,0.0,9.0,1.0
21151,Madison,KY,0.0,12.0,10.0,9.0,10.0,13000.0,73000.0,1.0,1.0,8.1,0.0
21153,Magoffin,KY,0.0,0.0,2.0,0.0,3.0,0.0,9000.0,0.0,0.0,11.7,1.0
21155,Marion,KY,0.0,5.0,2.0,4.0,6.0,2000.0,11000.0,0.0,0.0,9.3,1.0
21159,Martin,KY,0.0,1.0,0.0,0.0,0.0,0.0,0.0,0.0,0.0,10.8,1.0
21163,Meade,KY,0.0,5.0,4.0,0.0,8.0,0.0,452000.0,0.0,0.0,10.0,1.0
21175,Morgan,KY,0.0,1.0,1.0,4.0,4.0,16000.0,44000.0,1.0,1.0,8.8,1.0
21179,Nelson,KY,0.0,5.0,6.0,9.0,20.0,71000.0,126000.0,0.0,0.0,8.3,0.0
21181,Nicholas,KY,0.0,3.0,2.0,0.0,4.0,0.0,5000.0,0.0,0.0,7.1,0.0
21189,Owsley,KY,0.0,2.0,1.0,0.0,0.0,0.0,0.0,1.0,1.0,8.4,0.0
21193,Perry,KY,0.0,0.0,0.0,0.0,0.0,0.0,0.0,1.0,1.0,11.7,1.0
21195,Pike,KY,0.0,0.0,0.0,0.0,0.0,0.0,0.0,0.0,0.0,13.4,1.0
21209,Scott,KY,0.0,2.0,5.0,17.0,14.0,138000.0,259000.0,1.0,1.0,7.4,0.0
21211,Shelby,KY,0.0,11.0,8.0,11.0,23.0,28000.0,71000.0,1.0,1.0,7.8,0.0
21219,Todd,KY,0.0,8.0,4.0,7.0,4.0,7000.0,5000.0,0.0,0.0,9.3,1.0
21229,Washington,KY,0.0,7.0,8.0,8.0,8.0,6000.0,14000.0,0.0,0.0,9.5,1.0
21233,Webster,KY,0.0,6.0,2.0,5.0,3.0,4000.0,12000.0,1.0,1.0,7.3,0.0
21237,Wolfe,KY,0.0,2.0,0.0,0.0,0.0,0.0,0.0,0.0,0.0,9.9,1.0
22007,Assumption,LA,0.0,0.0,0.0,0.0,0.0,0.0,0.0,0.0,0.0,11.1,1.0
22009,Avoyelles,LA,0.0,5.0,12.0,10.0,3.0,101000.0,23000.0,0.0,1.0,10.2,1.0
22019,Calcasieu,LA,0.0,5.0,4.0,4.0,13.0,24000.0,2462000.0,1.0,1.0,11.1,1.0
22029,Concordia,LA,0.0,1.0,0.0,8.0,30.0,170000.0,55000.0,0.0,0.0,10.4,1.0
22037,East Feliciana,LA,0.0,6.0,0.0,3.0,8.0,12000.0,157000.0,0.0,0.0,9.1,1.0
22045,Iberia,LA,0.0,1.0,2.0,0.0,0.0,0.0,0.0,0.0,0.0,10.9,1.0
22053,Jefferson Davis,LA,0.0,7.0,1.0,11.0,10.0,70000.0,77000.0,0.0,0.0,9.0,1.0
22063,Livingston,LA,0.0,3.0,0.0,0.0,19.0,0.0,157000.0,1.0,0.0,8.3,0.0
22073,Ouachita,LA,0.0,0.0,1.0,4.0,4.0,1000.0,9000.0,0.0,1.0,12.3,1.0
22083,Richland,LA,0.0,4.0,1.0,5.0,6.0,76000.0,48000.0,0.0,1.0,10.3,1.0
22085,Sabine,LA,0.0,0.0,0.0,0.0,0.0,0.0,0.0,0.0,0.0,8.6,0.0
22109,Terrebonne,LA,0.0,1.0,0.0,0.0,8.0,0.0,105000.0,1.0,1.0,11.2,1.0
22113,Vermilion,LA,0.0,4.0,2.0,11.0,38.0,222000.0,412000.0,0.0,1.0,7.8,0.0
22123,West Carroll,LA,0.0,0.0,0.0,3.0,7.0,1000.0,11000.0,0.0,0.0,8.5,0.0
22125,West Feliciana,LA,0.0,0.0,2.0,5.0,8.0,105000.0,178000.0,1.0,0.0,7.8,0.0
23001,Androscoggin,ME,0.0,17.0,58.0,4.0,12.0,39000.0,132000.0,1.0,1.0,10.3,1.0
23005,Cumberland,ME,0.0,14.0,26.0,15.0,62.0,54000.0,236000.0,1.0,1.0,6.9,0.0
23011,Kennebec,ME,0.0,9.0,20.0,10.0,9.0,50000.0,282000.0,1.0,1.0,8.4,0.0
23017,Oxford,ME,0.0,9.0,18.0,8.0,32.0,17000.0,32000.0,1.0,1.0,8.4,0.0
23021,Piscataquis,ME,0.0,1.0,2.0,4.0,7.0,95000.0,23000.0,1.0,1.0,9.9,1.0
23027,Waldo,ME,1.0,16.0,65.0,7.0,13.0,28000.0,38000.0,1.0,1.0,8.6,0.0
23031,York,ME,0.0,15.0,44.0,16.0,34.0,220000.0,153000.0,1.0,1.0,7.9,0.0
24003,Anne Arundel,MD,0.0,6.0,4.0,5.0,10.0,167000.0,267000.0,1.0,1.0,9.1,1.0
24005,Baltimore,MD,1.0,19.0,22.0,18.0,13.0,1501000.0,1434000.0,1.0,1.0,9.9,1.0
24011,Caroline,MD,0.0,6.0,1.0,14.0,23.0,52000.0,143000.0,1.0,1.0,9.9,1.0
24013,Carroll,MD,0.0,20.0,13.0,13.0,11.0,43000.0,178000.0,1.0,1.0,12.6,1.0
24015,Cecil,MD,0.0,3.0,3.0,20.0,8.0,636000.0,261000.0,1.0,1.0,7.6,0.0
24017,Charles,MD,0.0,9.0,5.0,7.0,13.0,80000.0,196000.0,0.0,1.0,9.3,1.0
24021,Frederick,MD,3.0,12.0,16.0,14.0,23.0,600000.0,432000.0,1.0,1.0,13.3,1.0
24023,Garrett,MD,1.0,5.0,2.0,5.0,11.0,3000.0,26000.0,1.0,0.0,8.6,0.0
24025,Harford,MD,0.0,10.0,8.0,16.0,18.0,483000.0,136000.0,1.0,1.0,10.0,1.0
24029,Kent,MD,0.0,1.0,5.0,24.0,44.0,212000.0,317000.0,1.0,1.0,6.8,0.0
24031,Montgomery,MD,0.0,15.0,9.0,17.0,10.0,1735000.0,1310000.0,1.0,1.0,8.7,0.0
24033,Prince George's,MD,2.0,8.0,11.0,6.0,14.0,25000.0,136000.0,1.0,1.0,7.3,0.0
24035,Queen Anne's,MD,0.0,3.0,1.0,13.0,21.0,51000.0,262000.0,1.0,1.0,12.6,1.0
24037,St. Mary's,MD,0.0,7.0,5.0,11.0,14.0,139000.0,398000.0,1.0,1.0,7.4,0.0
24041,Talbot,MD,1.0,5.0,0.0,10.0,11.0,496000.0,141000.0,1.0,1.0,10.6,1.0
24043,Washington,MD,0.0,9.0,2.0,8.0,6.0,38000.0,25000.0,1.0,1.0,7.1,0.0
24045,Wicomico,MD,0.0,3.0,2.0,8.0,15.0,127000.0,282000.0,1.0,1.0,12.0,1.0
25005,Bristol,MA,0.0,14.0,25.0,18.0,35.0,218000.0,336000.0,1.0,1.0,8.0,0.0
25007,Dukes,MA,0.0,1.0,0.0,4.0,7.0,2000.0,48000.0,1.0,1.0,7.0,0.0
25011,Franklin,MA,1.0,43.0,59.0,16.0,28.0,228000.0,396000.0,1.0,1.0,6.7,0.0
25015,Hampshire,MA,0.0,20.0,67.0,8.0,26.0,68000.0,220000.0,1.0,1.0,6.2,0.0
25017,Middlesex,MA,2.0,48.0,88.0,13.0,35.0,1533000.0,3746000.0,1.0,1.0,6.4,0.0
25021,Norfolk,MA,1.0,6.0,17.0,4.0,6.0,93000.0,478000.0,1.0,1.0,7.0,0.0
25023,Plymouth,MA,0.0,9.0,21.0,20.0,27.0,303000.0,530000.0,1.0,1.0,8.0,0.0
25025,Suffolk,MA,2.0,0.0,6.0,0.0,0.0,0.0,0.0,1.0,1.0,8.3,0.0
25027,Worcester,MA,1.0,26.0,61.0,27.0,47.0,346000.0,5393000.0,1.0,1.0,8.0,0.0
26005,Allegan,MI,0.0,10.0,10.0,20.0,31.0,1133000.0,567000.0,1.0,1.0,7.4,0.0
26011,Arenac,MI,0.0,0.0,2.0,4.0,8.0,4000.0,11000.0,1.0,1.0,8.0,0.0
26017,Bay,MI,0.0,6.0,2.0,7.0,3.0,50000.0,64000.0,0.0,1.0,8.4,0.0
26021,Berrien,MI,0.0,6.0,15.0,17.0,26.0,2040000.0,945000.0,1.0,1.0,8.2,0.0
26023,Branch,MI,0.0,0.0,5.0,12.0,5.0,41000.0,20000.0,1.0,1.0,8.1,0.0
26025,Calhoun,MI,0.0,6.0,12.0,8.0,21.0,54000.0,70000.0,1.0,1.0,11.4,1.0
26027,Cass,MI,0.0,10.0,7.0,20.0,13.0,1058000.0,106000.0,0.0,1.0,9.2,1.0
26031,Cheboygan,MI,0.0,0.0,4.0,3.0,8.0,29000.0,17000.0,1.0,1.0,9.2,1.0
26033,Chippewa,MI,0.0,6.0,4.0,13.0,15.0,120000.0,85000.0,1.0,1.0,8.8,1.0
26037,Clinton,MI,0.0,14.0,8.0,10.0,14.0,386000.0,394000.0,1.0,1.0,8.7,0.0
26041,Delta,MI,0.0,2.0,0.0,9.0,8.0,173000.0,211000.0,0.0,1.0,10.1,1.0
26043,Dickinson,MI,0.0,0.0,0.0,0.0,3.0,0.0,10000.0,1.0,1.0,7.6,0.0
26045,Eaton,MI,0.0,8.0,12.0,8.0,11.0,7000.0,748000.0,1.0,1.0,8.4,0.0
26047,Emmet,MI,0.0,5.0,4.0,9.0,8.0,173000.0,54000.0,1.0,1.0,5.5,0.0
26049,Genesee,MI,0.0,7.0,11.0,13.0,22.0,467000.0,325000.0,1.0,1.0,10.5,1.0
26057,Gratiot,MI,0.0,9.0,4.0,10.0,14.0,26000.0,132000.0,1.0,1.0,8.7,0.0
26059,Hillsdale,MI,0.0,8.0,5.0,28.0,13.0,350000.0,237000.0,1.0,1.0,7.8,0.0
26063,Huron,MI,0.0,10.0,3.0,12.0,5.0,110000.0,34000.0,1.0,1.0,8.4,0.0
26067,Ionia,MI,0.0,7.0,1.0,8.0,9.0,22000.0,61000.0,1.0,1.0,8.3,0.0
26069,Iosco,MI,0.0,5.0,4.0,0.0,0.0,0.0,0.0,1.0,0.0,9.2,1.0
26073,Isabella,MI,0.0,4.0,1.0,10.0,16.0,26000.0,66000.0,0.0,0.0,8.5,0.0
26075,Jackson,MI,0.0,7.0,9.0,18.0,13.0,38000.0,33000.0,1.0,1.0,9.7,1.0
26077,Kalamazoo,MI,2.0,9.0,9.0,9.0,26.0,149000.0,264000.0,1.0,1.0,9.5,1.0
26081,Kent,MI,1.0,8.0,13.0,18.0,35.0,308000.0,462000.0,1.0,1.0,8.7,0.0
26087,Lapeer,MI,0.0,10.0,10.0,18.0,14.0,1990000.0,767000.0,1.0,1.0,6.7,0.0
26089,Leelanau,MI,0.0,18.0,10.0,11.0,21.0,231000.0,1230000.0,1.0,1.0,7.2,0.0
26093,Livingston,MI,0.0,7.0,6.0,19.0,15.0,485000.0,226000.0,0.0,1.0,6.5,0.0
26099,Macomb,MI,0.0,6.0,5.0,7.0,11.0,1417000.0,629000.0,1.0,1.0,10.2,1.0
26107,Mecosta,MI,0.0,6.0,5.0,17.0,14.0,193000.0,166000.0,0.0,1.0,6.6,0.0
26109,Menominee,MI,0.0,2.0,1.0,5.0,11.0,14000.0,114000.0,0.0,1.0,7.7,0.0
26119,Montmorency,MI,0.0,0.0,4.0,6.0,4.0,36000.0,104000.0,0.0,1.0,8.1,0.0
26125,Oakland,MI,1.0,14.0,8.0,11.0,13.0,977000.0,1069000.0,1.0,1.0,7.8,0.0
26133,Osceola,MI,0.0,2.0,5.0,6.0,4.0,106000.0,8000.0,0.0,1.0,9.5,1.0
26139,Ottawa,MI,0.0,14.0,10.0,16.0,7.0,123000.0,86000.0,1.0,1.0,7.6,0.0
26145,Saginaw,MI,0.0,10.0,4.0,7.0,6.0,118000.0,76000.0,1.0,1.0,10.3,1.0
26147,St. Clair,MI,0.0,11.0,7.0,7.0,11.0,35000.0,35000.0,1.0,1.0,7.6,0.0
26149,St. Joseph,MI,0.0,6.0,9.0,4.0,11.0,26000.0,129000.0,1.0,1.0,7.2,0.0
26151,Sanilac,MI,0.0,27.0,9.0,13.0,10.0,380000.0,133000.0,1.0,1.0,7.6,0.0
26155,Shiawassee,MI,0.0,8.0,7.0,7.0,8.0,106000.0,86000.0,1.0,1.0,10.6,1.0
26157,Tuscola,MI,0.0,9.0,7.0,11.0,17.0,75000.0,243000.0,1.0,1.0,8.5,0.0
26161,Washtenaw,MI,1.0,9.0,21.0,23.0,33.0,1354000.0,1218000.0,1.0,1.0,8.1,0.0
27003,Anoka,MN,0.0,8.0,3.0,9.0,10.0,53000.0,996000.0,1.0,1.0,7.8,0.0
27013,Blue Earth,MN,0.0,5.0,0.0,4.0,0.0,8000.0,0.0,1.0,1.0,8.5,0.0
27015,Brown,MN,0.0,4.0,3.0,0.0,0.0,0.0,0.0,1.0,1.0,8.6,0.0
27021,Cass,MN,0.0,1.0,1.0,7.0,8.0,365000.0,376000.0,1.0,1.0,7.6,0.0
27023,Chippewa,MN,0.0,5.0,0.0,8.0,6.0,29000.0,68000.0,1.0,1.0,9.8,1.0
27025,Chisago,MN,0.0,3.0,10.0,7.0,5.0,177000.0,196000.0,1.0,1.0,7.9,0.0
27027,Clay,MN,0.0,4.0,8.0,4.0,0.0,2000.0,0.0,1.0,1.0,7.2,0.0
27035,Crow Wing,MN,1.0,3.0,1.0,7.0,8.0,69000.0,14000.0,1.0,1.0,6.9,0.0
27037,Dakota,MN,0.0,6.0,9.0,6.0,6.0,92000.0,49000.0,1.0,1.0,7.1,0.0
27045,Fillmore,MN,0.0,7.0,12.0,5.0,11.0,13000.0,25000.0,1.0,1.0,5.0,0.0
27049,Goodhue,MN,0.0,16.0,9.0,10.0,5.0,16000.0,61000.0,1.0,1.0,6.9,0.0
27051,Grant,MN,0.0,8.0,0.0,4.0,11.0,6000.0,11000.0,0.0,1.0,6.8,0.0
27053,Hennepin,MN,0.0,4.0,4.0,7.0,9.0,322000.0,1679000.0,1.0,1.0,6.6,0.0
27073,Lac qui Parle,MN,0.0,5.0,6.0,5.0,8.0,9000.0,26000.0,1.0,1.0,8.3,0.0
27083,Lyon,MN,0.0,1.0,0.0,0.0,0.0,0.0,0.0,1.0,1.0,8.1,0.0
27089,Marshall,MN,0.0,7.0,1.0,6.0,5.0,9000.0,5000.0,0.0,1.0,8.2,0.0
27095,Mille Lacs,MN,0.0,5.0,7.0,3.0,5.0,5000.0,7000.0,1.0,1.0,9.2,1.0
27109,Olmsted,MN,0.0,9.0,4.0,6.0,9.0,82000.0,363000.0,1.0,1.0,7.0,0.0
27111,Otter Tail,MN,1.0,10.0,10.0,25.0,21.0,94000.0,87000.0,1.0,1.0,7.9,0.0
27115,Pine,MN,0.0,2.0,1.0,5.0,5.0,28000.0,26000.0,1.0,1.0,8.9,1.0
27117,Pipestone,MN,0.0,4.0,3.0,0.0,3.0,0.0,6000.0,1.0,0.0,6.9,0.0
27123,Ramsey,MN,2.0,0.0,1.0,0.0,0.0,0.0,0.0,1.0,1.0,8.0,0.0
27133,Rock,MN,0.0,4.0,1.0,0.0,0.0,0.0,0.0,1.0,1.0,7.0,0.0
27145,Stearns,MN,0.0,21.0,15.0,16.0,21.0,129000.0,238000.0,1.0,1.0,6.9,0.0
27153,Todd,MN,0.0,9.0,6.0,11.0,8.0,13000.0,5000.0,1.0,1.0,7.5,0.0
27163,Washington,MN,0.0,7.0,12.0,8.0,15.0,133000.0,1433000.0,1.0,1.0,7.6,0.0
27169,Winona,MN,0.0,8.0,4.0,15.0,10.0,150000.0,64000.0,1.0,1.0,8.2,0.0
27171,Wright,MN,0.0,1.0,14.0,5.0,12.0,78000.0,519000.0,1.0,1.0,7.0,0.0
28005,Amite,MS,0.0,1.0,2.0,6.0,8.0,15000.0,27000.0,0.0,1.0,10.6,1.0
28007,Attala,MS,0.0,0.0,0.0,6.0,17.0,52000.0,84000.0,0.0,1.0,9.9,1.0
28015,Carroll,MS,0.0,4.0,0.0,10.0,12.0,44000.0,86000.0,1.0,1.0,10.1,1.0
28017,Chickasaw,MS,0.0,6.0,0.0,9.0,6.0,36000.0,51000.0,0.0,1.0,10.2,1.0
28021,Claiborne,MS,0.0,2.0,3.0,8.0,10.0,168000.0,231000.0,0.0,1.0,9.3,1.0
28023,Clarke,MS,0.0,2.0,1.0,4.0,3.0,41000.0,4000.0,0.0,1.0,9.9,1.0
28025,Clay,MS,0.0,1.0,1.0,14.0,6.0,79000.0,64000.0,0.0,0.0,12.1,1.0
28043,Grenada,MS,0.0,1.0,0.0,5.0,10.0,54000.0,17000.0,0.0,0.0,12.2,1.0
28045,Hancock,MS,0.0,0.0,0.0,4.0,0.0,43000.0,0.0,0.0,1.0,7.9,0.0
28049,Hinds,MS,1.0,3.0,8.0,21.0,42.0,149000.0,148000.0,0.0,1.0,11.7,1.0
28071,Lafayette,MS,0.0,2.0,0.0,8.0,3.0,89000.0,6000.0,1.0,1.0,9.8,1.0
28075,Lauderdale,MS,0.0,0.0,1.0,6.0,8.0,70000.0,94000.0,0.0,1.0,9.5,1.0
28087,Lowndes,MS,0.0,2.0,2.0,3.0,9.0,14000.0,70000.0,0.0,1.0,13.2,1.0
28089,Madison,MS,0.0,10.0,1.0,8.0,11.0,69000.0,130000.0,0.0,0.0,8.3,0.0
28091,Marion,MS,0.0,0.0,0.0,8.0,5.0,185000.0,20000.0,0.0,1.0,9.6,1.0
28105,Oktibbeha,MS,0.0,0.0,2.0,6.0,4.0,21000.0,9000.0,1.0,1.0,9.7,1.0
28107,Panola,MS,0.0,6.0,1.0,6.0,11.0,23000.0,34000.0,0.0,1.0,12.8,1.0
28109,Pearl River,MS,0.0,5.0,0.0,6.0,6.0,106000.0,57000.0,0.0,0.0,11.4,1.0
28117,Prentiss,MS,0.0,0.0,0.0,3.0,3.0,3000.0,4000.0,1.0,1.0,10.6,1.0
28135,Tallahatchie,MS,0.0,0.0,5.0,18.0,16.0,357000.0,343000.0,0.0,1.0,11.4,1.0
28137,Tate,MS,0.0,7.0,6.0,10.0,9.0,21000.0,14000.0,0.0,0.0,10.1,1.0
28145,Union,MS,0.0,5.0,5.0,5.0,3.0,10000.0,5000.0,0.0,0.0,8.8,1.0
28157,Wilkinson,MS,0.0,0.0,0.0,16.0,9.0,346000.0,170000.0,0.0,1.0,9.1,1.0
28163,Yazoo,MS,1.0,7.0,4.0,16.0,24.0,222000.0,238000.0,0.0,0.0,8.7,0.0
29001,Adair,MO,0.0,3.0,2.0,11.0,9.0,22000.0,39000.0,1.0,0.0,7.6,0.0
29007,Audrain,MO,0.0,8.0,7.0,8.0,7.0,10000.0,25000.0,0.0,1.0,8.1,0.0
29015,Benton,MO,0.0,0.0,0.0,5.0,10.0,8000.0,21000.0,0.0,0.0,8.0,0.0
29017,Bollinger,MO,0.0,3.0,0.0,4.0,0.0,20000.0,0.0,1.0,1.0,7.7,0.0
29019,Boone,MO,0.0,15.0,11.0,14.0,19.0,258000.0,352000.0,1.0,1.0,7.4,0.0
29027,Callaway,MO,0.0,10.0,1.0,7.0,14.0,23000.0,26000.0,1.0,1.0,10.9,1.0
29029,Camden,MO,0.0,3.0,0.0,7.0,13.0,66000.0,28000.0,1.0,1.0,8.4,0.0
29035,Carter,MO,0.0,1.0,1.0,0.0,6.0,0.0,26000.0,0.0,1.0,6.7,0.0
29037,Cass,MO,0.0,2.0,2.0,13.0,4.0,47000.0,15000.0,1.0,1.0,8.1,0.0
29041,Chariton,MO,0.0,1.0,2.0,8.0,4.0,72000.0,14000.0,0.0,0.0,9.0,1.0
29043,Christian,MO,0.0,0.0,3.0,3.0,8.0,195000.0,98000.0,1.0,1.0,8.7,0.0
29045,Clark,MO,0.0,3.0,4.0,6.0,10.0,3000.0,21000.0,0.0,0.0,8.2,0.0
29053,Cooper,MO,0.0,3.0,1.0,6.0,5.0,62000.0,39000.0,1.0,0.0,7.2,0.0
29055,Crawford,MO,0.0,4.0,2.0,3.0,8.0,8000.0,55000.0,1.0,0.0,9.2,1.0
29059,Dallas,MO,0.0,1.0,6.0,5.0,8.0,14000.0,11000.0,0.0,0.0,6.9,0.0
29061,Daviess,MO,0.0,15.0,3.0,4.0,10.0,10000.0,15000.0,0.0,0.0,6.7,0.0
29071,Franklin,MO,0.0,4.0,4.0,10.0,17.0,34000.0,72000.0,1.0,1.0,8.6,0.0
29077,Greene,MO,0.0,8.0,4.0,6.0,21.0,53000.0,75000.0,1.0,1.0,10.8,1.0
29081,Harrison,MO,0.0,5.0,3.0,11.0,22.0,25000.0,36000.0,0.0,1.0,10.7,1.0
29085,Hickory,MO,0.0,0.0,1.0,0.0,0.0,0.0,0.0,0.0,1.0,6.7,0.0
29089,Howard,MO,0.0,2.0,2.0,5.0,6.0,18000.0,37000.0,1.0,1.0,6.8,0.0
29091,Howell,MO,0.0,4.0,1.0,5.0,8.0,29000.0,249000.0,0.0,0.0,11.9,1.0
29095,Jackson,MO,0.0,3.0,6.0,5.0,9.0,183000.0,341000.0,1.0,1.0,9.8,1.0
29097,Jasper,MO,1.0,11.0,4.0,0.0,6.0,0.0,44000.0,0.0,1.0,8.9,1.0
29101,Johnson,MO,0.0,17.0,10.0,5.0,5.0,34000.0,38000.0,1.0,1.0,9.0,1.0
29103,Knox,MO,0.0,4.0,0.0,9.0,15.0,36000.0,59000.0,0.0,0.0,8.1,0.0
29107,Lafayette,MO,0.0,3.0,4.0,8.0,14.0,25000.0,66000.0,1.0,1.0,8.1,0.0
29111,Lewis,MO,0.0,6.0,1.0,4.0,7.0,5000.0,13000.0,0.0,0.0,9.5,1.0
29113,Lincoln,MO,0.0,5.0,9.0,6.0,11.0,90000.0,67000.0,1.0,0.0,9.9,1.0
29115,Linn,MO,0.0,3.0,4.0,12.0,22.0,67000.0,61000.0,0.0,0.0,8.5,0.0
29117,Livingston,MO,0.0,9.0,0.0,6.0,4.0,6000.0,10000.0,0.0,1.0,9.1,1.0
29123,Madison,MO,0.0,0.0,0.0,0.0,0.0,0.0,0.0,0.0,1.0,7.0,0.0
29127,Marion,MO,0.0,0.0,0.0,7.0,7.0,8000.0,5000.0,0.0,0.0,7.8,0.0
29129,Mercer,MO,0.0,1.0,2.0,5.0,16.0,17000.0,32000.0,1.0,0.0,6.7,0.0
29133,Mississippi,MO,0.0,0.0,0.0,3.0,0.0,9000.0,0.0,1.0,0.0,11.2,1.0
29145,Newton,MO,0.0,6.0,6.0,7.0,9.0,15000.0,77000.0,1.0,1.0,8.0,0.0
29149,Oregon,MO,0.0,5.0,1.0,5.0,6.0,27000.0,52000.0,0.0,0.0,8.2,0.0
29155,Pemiscot,MO,0.0,3.0,0.0,0.0,0.0,0.0,0.0,1.0,0.0,12.0,1.0
29163,Pike,MO,0.0,2.0,11.0,12.0,12.0,61000.0,23000.0,1.0,1.0,8.3,0.0
29165,Platte,MO,0.0,4.0,1.0,7.0,7.0,329000.0,175000.0,1.0,1.0,9.0,1.0
29169,Pulaski,MO,0.0,1.0,3.0,5.0,8.0,32000.0,11000.0,0.0,0.0,8.2,0.0
29171,Putnam,MO,0.0,1.0,0.0,12.0,30.0,31000.0,143000.0,0.0,0.0,6.9,0.0
29177,Ray,MO,0.0,4.0,5.0,3.0,4.0,2000.0,4000.0,1.0,1.0,9.3,1.0
29183,St. Charles,MO,0.0,7.0,0.0,13.0,11.0,1145000.0,108000.0,1.0,1.0,9.0,1.0
29187,St. Francois,MO,0.0,3.0,2.0,6.0,9.0,18000.0,15000.0,1.0,1.0,10.3,1.0
29195,Saline,MO,0.0,11.0,5.0,18.0,3.0,50000.0,2000.0,1.0,0.0,8.1,0.0
29199,Scotland,MO,0.0,2.0,2.0,15.0,6.0,122000.0,14000.0,1.0,0.0,7.3,0.0
29213,Taney,MO,0.0,0.0,4.0,5.0,4.0,185000.0,83000.0,1.0,1.0,7.8,0.0
29219,Warren,MO,1.0,5.0,2.0,11.0,15.0,23000.0,45000.0,1.0,1.0,7.1,0.0
29225,Webster,MO,0.0,8.0,8.0,8.0,4.0,153000.0,69000.0,0.0,0.0,8.2,0.0
30001,Beaverhead,MT,0.0,2.0,3.0,34.0,20.0,402000.0,425000.0,1.0,1.0,6.7,0.0
30007,Broadwater,MT,0.0,2.0,0.0,17.0,9.0,260000.0,600000.0,0.0,0.0,6.8,0.0
30011,Carter,MT,0.0,1.0,0.0,14.0,7.0,404000.0,73000.0,0.0,0.0,6.5,0.0
30017,Custer,MT,0.0,0.0,4.0,31.0,19.0,178000.0,71000.0,1.0,0.0,9.5,1.0
30019,Daniels,MT,0.0,2.0,0.0,6.0,4.0,19000.0,8000.0,0.0,0.0,7.2,0.0
30027,Fergus,MT,0.0,5.0,2.0,30.0,25.0,309000.0,351000.0,1.0,1.0,8.8,1.0
30031,Gallatin,MT,0.0,8.0,10.0,25.0,49.0,2586000.0,1651000.0,1.0,1.0,5.0,0.0
30033,Garfield,MT,0.0,2.0,0.0,21.0,26.0,385000.0,218000.0,0.0,1.0,7.7,0.0
30035,Glacier,MT,0.0,0.0,3.0,7.0,5.0,21000.0,436000.0,1.0,1.0,13.5,1.0
30043,Jefferson,MT,0.0,3.0,0.0,6.0,15.0,121000.0,82000.0,1.0,1.0,6.6,0.0
30047,Lake,MT,1.0,12.0,17.0,9.0,6.0,532000.0,463000.0,1.0,1.0,8.4,0.0
30049,Lewis and Clark,MT,0.0,0.0,7.0,18.0,22.0,677000.0,1592000.0,1.0,1.0,7.8,0.0
30057,Madison,MT,0.0,2.0,0.0,31.0,19.0,776000.0,483000.0,1.0,1.0,6.5,0.0
30073,Pondera,MT,0.0,0.0,3.0,5.0,8.0,10000.0,16000.0,0.0,0.0,9.7,1.0
30075,Powder River,MT,0.0,1.0,0.0,34.0,22.0,226000.0,267000.0,0.0,0.0,6.4,0.0
30079,Prairie,MT,0.0,0.0,0.0,12.0,9.0,118000.0,57000.0,1.0,1.0,6.9,0.0
30081,Ravalli,MT,0.0,18.0,8.0,20.0,16.0,394000.0,618000.0,1.0,1.0,6.9,0.0
30083,Richland,MT,0.0,3.0,2.0,15.0,7.0,64000.0,41000.0,0.0,0.0,8.2,0.0
30085,Roosevelt,MT,0.0,1.0,0.0,11.0,6.0,26000.0,29000.0,0.0,0.0,13.6,1.0
30087,Rosebud,MT,0.0,0.0,0.0,17.0,15.0,298000.0,275000.0,1.0,0.0,9.5,1.0
30089,Sanders,MT,0.0,3.0,4.0,6.0,14.0,49000.0,33000.0,0.0,1.0,8.5,0.0
30097,Sweet Grass,MT,0.0,4.0,2.0,26.0,25.0,1070000.0,418000.0,0.0,1.0,7.3,0.0
30101,Toole,MT,0.0,0.0,3.0,5.0,7.0,36000.0,23000.0,0.0,0.0,6.8,0.0
30105,Valley,MT,0.0,3.0,0.0,11.0,5.0,267000.0,16000.0,1.0,1.0,8.7,0.0
31001,Adams,NE,0.0,0.0,1.0,0.0,0.0,0.0,0.0,0.0,0.0,9.2,1.0
31011,Boone,NE,0.0,5.0,0.0,4.0,0.0,68000.0,0.0,0.0,0.0,7.2,0.0
31013,Box Butte,NE,0.0,5.0,2.0,5.0,4.0,46000.0,28000.0,0.0,0.0,9.5,1.0
31021,Burt,NE,0.0,1.0,0.0,7.0,3.0,49000.0,24000.0,0.0,0.0,7.0,0.0
31025,Cass,NE,0.0,3.0,8.0,6.0,7.0,10000.0,43000.0,0.0,1.0,8.5,0.0
31027,Cedar,NE,0.0,1.0,1.0,3.0,3.0,2000.0,2000.0,0.0,0.0,6.1,0.0
31029,Chase,NE,0.0,0.0,0.0,8.0,3.0,41000.0,3000.0,0.0,0.0,6.1,0.0
31031,Cherry,NE,0.0,3.0,0.0,13.0,10.0,274000.0,100000.0,1.0,0.0,6.0,0.0
31037,Colfax,NE,0.0,1.0,0.0,0.0,3.0,0.0,1000.0,1.0,1.0,7.1,0.0
31067,Gage,NE,0.0,4.0,4.0,6.0,6.0,17000.0,31000.0,0.0,1.0,9.0,1.0
31077,Greeley,NE,0.0,0.0,2.0,0.0,0.0,0.0,0.0,0.0,0.0,7.8,0.0
31085,Hayes,NE,0.0,0.0,0.0,0.0,3.0,0.0,13000.0,1.0,1.0,7.3,0.0
31089,Holt,NE,0.0,1.0,4.0,5.0,20.0,9000.0,70000.0,1.0,0.0,7.8,0.0
31091,Hooker,NE,0.0,0.0,0.0,0.0,0.0,0.0,0.0,0.0,0.0,6.8,0.0
31099,Kearney,NE,0.0,0.0,1.0,0.0,0.0,0.0,0.0,1.0,1.0,7.2,0.0
31101,Keith,NE,0.0,0.0,1.0,5.0,21.0,24000.0,8000.0,1.0,0.0,6.7,0.0
31111,Lincoln,NE,0.0,0.0,2.0,6.0,4.0,27000.0,30000.0,1.0,1.0,9.8,1.0
31113,Logan,NE,0.0,0.0,0.0,0.0,0.0,0.0,0.0,0.0,0.0,7.0,0.0
31123,Morrill,NE,0.0,4.0,1.0,10.0,11.0,57000.0,78000.0,0.0,0.0,9.8,1.0
31125,Nance,NE,0.0,0.0,0.0,3.0,0.0,3000.0,0.0,0.0,0.0,8.2,0.0
31127,Nemaha,NE,0.0,1.0,0.0,0.0,0.0,0.0,0.0,0.0,1.0,9.0,1.0
31151,Saline,NE,0.0,4.0,0.0,3.0,0.0,2000.0,0.0,0.0,0.0,9.6,1.0
31157,Scotts Bluff,NE,0.0,1.0,7.0,9.0,6.0,5000.0,34000.0,0.0,0.0,10.8,1.0
31161,Sheridan,NE,0.0,4.0,1.0,10.0,16.0,68000.0,176000.0,1.0,1.0,9.0,1.0
31183,Wheeler,NE,0.0,0.0,0.0,4.0,4.0,30000.0,40000.0,1.0,0.0,7.5,0.0
32013,Humboldt,NV,0.0,0.0,0.0,0.0,0.0,0.0,0.0,0.0,0.0,7.3,0.0
32029,Storey,NV,0.0,0.0,0.0,0.0,0.0,0.0,0.0,1.0,0.0,6.7,0.0
32510,Carson City,NV,0.0,2.0,0.0,0.0,0.0,0.0,0.0,0.0,0.0,9.3,1.0
33001,Belknap,NH,0.0,0.0,8.0,4.0,8.0,180000.0,523000.0,1.0,1.0,7.7,0.0
33009,Grafton,NH,0.0,8.0,11.0,12.0,0.0,254000.0,0.0,1.0,1.0,6.1,0.0
33011,Hillsborough,NH,0.0,17.0,19.0,19.0,32.0,313000.0,470000.0,1.0,1.0,8.5,0.0
33017,Strafford,NH,0.0,10.0,17.0,5.0,19.0,118000.0,1044000.0,1.0,1.0,9.7,1.0
34003,Bergen,NJ,0.0,1.0,0.0,10.0,6.0,1097000.0,233000.0,1.0,1.0,7.5,0.0
34005,Burlington,NJ,0.0,7.0,9.0,35.0,30.0,1919000.0,2005000.0,1.0,1.0,10.1,1.0
34015,Gloucester,NJ,0.0,7.0,5.0,18.0,21.0,337000.0,592000.0,1.0,1.0,9.5,1.0
34017,Hudson,NJ,0.0,0.0,0.0,0.0,0.0,0.0,0.0,1.0,1.0,8.8,1.0
34019,Hunterdon,NJ,0.0,12.0,6.0,41.0,55.0,1184000.0,1081000.0,1.0,1.0,5.7,0.0
34023,Middlesex,NJ,0.0,1.0,3.0,8.0,9.0,784000.0,257000.0,1.0,1.0,10.3,1.0
34025,Monmouth,NJ,0.0,3.0,7.0,26.0,29.0,1297000.0,1092000.0,1.0,1.0,7.1,0.0
34027,Morris,NJ,0.0,5.0,12.0,26.0,19.0,2274000.0,1951000.0,1.0,1.0,6.3,0.0
34029,Ocean,NJ,0.0,0.0,2.0,15.0,10.0,156000.0,75000.0,1.0,1.0,8.4,0.0
34035,Somerset,NJ,0.0,4.0,3.0,8.0,11.0,250000.0,74000.0,1.0,1.0,6.4,0.0
34037,Sussex,NJ,0.0,11.0,8.0,22.0,49.0,1555000.0,1505000.0,1.0,1.0,7.8,0.0
34041,Warren,NJ,0.0,12.0,10.0,33.0,23.0,1267000.0,513000.0,1.0,1.0,8.0,0.0
35001,Bernalillo,NM,1.0,12.0,24.0,9.0,23.0,529000.0,217000.0,1.0,1.0,7.4,0.0
35005,Chaves,NM,0.0,3.0,1.0,20.0,21.0,353000.0,129000.0,1.0,1.0,9.8,1.0
35007,Colfax,NM,0.0,2.0,0.0,29.0,27.0,6929000.0,5433000.0,0.0,0.0,8.0,0.0
35013,Do��a Ana,NM,1.0,24.0,4.0,6.0,17.0,285000.0,722000.0,0.0,1.0,9.4,1.0
35015,Eddy,NM,0.0,0.0,6.0,4.0,0.0,33000.0,0.0,1.0,0.0,11.4,1.0
35017,Grant,NM,0.0,1.0,0.0,9.0,11.0,125000.0,153000.0,1.0,1.0,7.5,0.0
35021,Harding,NM,0.0,0.0,0.0,9.0,4.0,17000.0,6000.0,0.0,0.0,6.9,0.0
35027,Lincoln,NM,0.0,1.0,1.0,24.0,43.0,640000.0,325000.0,1.0,0.0,6.2,0.0
35033,Mora,NM,0.0,0.0,1.0,16.0,9.0,113000.0,138000.0,0.0,0.0,9.5,1.0
35035,Otero,NM,0.0,3.0,14.0,12.0,16.0,219000.0,304000.0,1.0,1.0,9.1,1.0
35037,Quay,NM,0.0,4.0,0.0,4.0,6.0,34000.0,55000.0,1.0,1.0,7.4,0.0
35039,Rio Arriba,NM,0.0,18.0,27.0,45.0,88.0,2661000.0,2326000.0,1.0,0.0,9.4,1.0
35041,Roosevelt,NM,0.0,4.0,7.0,6.0,9.0,63000.0,96000.0,0.0,0.0,7.9,0.0
35043,Sandoval,NM,0.0,9.0,12.0,9.0,14.0,72000.0,49000.0,0.0,1.0,11.5,1.0
35045,San Juan,NM,0.0,9.0,18.0,4.0,10.0,21000.0,58000.0,1.0,1.0,10.5,1.0
35049,Santa Fe,NM,0.0,4.0,21.0,11.0,49.0,362000.0,387000.0,1.0,0.0,5.8,0.0
35059,Union,NM,0.0,2.0,0.0,12.0,20.0,104000.0,673000.0,0.0,1.0,7.3,0.0
36009,Cattaraugus,NY,0.0,3.0,5.0,13.0,20.0,25000.0,150000.0,1.0,1.0,11.6,1.0
36011,Cayuga,NY,0.0,9.0,10.0,18.0,12.0,416000.0,106000.0,1.0,1.0,9.0,1.0
36013,Chautauqua,NY,0.0,9.0,3.0,17.0,30.0,211000.0,395000.0,1.0,1.0,9.8,1.0
36019,Clinton,NY,0.0,4.0,9.0,4.0,9.0,14000.0,67000.0,1.0,1.0,9.5,1.0
36027,Dutchess,NY,0.0,14.0,23.0,8.0,29.0,32000.0,264000.0,1.0,1.0,8.3,0.0
36029,Erie,NY,0.0,10.0,17.0,16.0,18.0,60000.0,290000.0,1.0,1.0,9.7,1.0
36031,Essex,NY,1.0,11.0,11.0,7.0,12.0,20000.0,246000.0,1.0,1.0,8.0,0.0
36035,Fulton,NY,0.0,5.0,0.0,5.0,8.0,7000.0,87000.0,1.0,1.0,11.1,1.0
36041,Hamilton,NY,0.0,0.0,0.0,0.0,0.0,0.0,0.0,1.0,0.0,8.5,0.0
36043,Herkimer,NY,0.0,3.0,5.0,12.0,5.0,104000.0,2000.0,1.0,1.0,8.0,0.0
36045,Jefferson,NY,0.0,15.0,15.0,11.0,10.0,309000.0,13000.0,1.0,1.0,10.1,1.0
36049,Lewis,NY,0.0,3.0,6.0,4.0,8.0,2000.0,2000.0,1.0,1.0,11.0,1.0
36051,Livingston,NY,0.0,1.0,6.0,4.0,11.0,3000.0,130000.0,1.0,1.0,9.4,1.0
36055,Monroe,NY,2.0,5.0,6.0,18.0,17.0,617000.0,633000.0,1.0,1.0,7.9,0.0
36059,Nassau,NY,1.0,0.0,3.0,0.0,4.0,0.0,168000.0,1.0,1.0,7.3,0.0
36063,Niagara,NY,0.0,6.0,4.0,15.0,25.0,507000.0,1658000.0,1.0,1.0,10.8,1.0
36065,Oneida,NY,0.0,2.0,8.0,11.0,15.0,795000.0,511000.0,1.0,1.0,11.5,1.0
36067,Onondaga,NY,1.0,2.0,13.0,11.0,12.0,59000.0,1187000.0,1.0,1.0,9.2,1.0
36069,Ontario,NY,0.0,2.0,11.0,8.0,8.0,250000.0,31000.0,1.0,1.0,7.9,0.0
36071,Orange,NY,0.0,6.0,17.0,10.0,46.0,239000.0,2362000.0,1.0,1.0,8.5,0.0
36073,Orleans,NY,0.0,2.0,5.0,7.0,11.0,155000.0,101000.0,1.0,1.0,11.9,1.0
36077,Otsego,NY,0.0,13.0,14.0,13.0,17.0,424000.0,4763000.0,1.0,1.0,7.0,0.0
36083,Rensselaer,NY,0.0,11.0,15.0,10.0,17.0,83000.0,961000.0,1.0,1.0,8.8,1.0
36087,Rockland,NY,0.0,0.0,1.0,0.0,3.0,0.0,170000.0,1.0,1.0,7.6,0.0
36089,St. Lawrence,NY,0.0,9.0,18.0,18.0,25.0,62000.0,132000.0,1.0,1.0,7.5,0.0
36091,Saratoga,NY,0.0,7.0,5.0,12.0,18.0,268000.0,547000.0,1.0,1.0,9.3,1.0
36095,Schoharie,NY,1.0,7.0,22.0,12.0,4.0,69000.0,4000.0,1.0,1.0,9.7,1.0
36097,Schuyler,NY,0.0,1.0,15.0,10.0,15.0,21000.0,1104000.0,1.0,0.0,9.7,1.0
36099,Seneca,NY,0.0,10.0,12.0,10.0,23.0,18000.0,2117000.0,1.0,1.0,9.6,1.0
36101,Steuben,NY,0.0,5.0,11.0,24.0,41.0,188000.0,149000.0,1.0,1.0,10.7,1.0
36103,Suffolk,NY,0.0,17.0,28.0,32.0,91.0,798000.0,4247000.0,1.0,1.0,8.3,0.0
36105,Sullivan,NY,0.0,7.0,9.0,9.0,15.0,170000.0,300000.0,1.0,1.0,9.4,1.0
36107,Tioga,NY,0.0,6.0,9.0,9.0,13.0,86000.0,190000.0,1.0,1.0,9.3,1.0
36109,Tompkins,NY,0.0,15.0,28.0,21.0,15.0,165000.0,90000.0,1.0,1.0,6.5,0.0
36111,Ulster,NY,0.0,24.0,28.0,17.0,26.0,175000.0,1109000.0,1.0,1.0,7.9,0.0
36115,Washington,NY,0.0,8.0,12.0,15.0,22.0,399000.0,700000.0,1.0,1.0,10.1,1.0
36117,Wayne,NY,0.0,11.0,12.0,8.0,10.0,155000.0,739000.0,1.0,1.0,10.8,1.0
36123,Yates,NY,0.0,16.0,10.0,17.0,11.0,5727000.0,1644000.0,0.0,1.0,10.6,1.0
37001,Alamance,NC,0.0,6.0,12.0,7.0,8.0,24000.0,16000.0,1.0,1.0,8.8,1.0
37005,Alleghany,NC,0.0,1.0,3.0,10.0,5.0,97000.0,14000.0,1.0,1.0,6.9,0.0
37009,Ashe,NC,0.0,9.0,10.0,5.0,34.0,3000.0,111000.0,0.0,0.0,7.5,0.0
37013,Beaufort,NC,0.0,4.0,3.0,3.0,7.0,13000.0,49000.0,1.0,1.0,8.9,1.0
37023,Burke,NC,0.0,9.0,2.0,8.0,12.0,57000.0,56000.0,1.0,0.0,7.3,0.0
37025,Cabarrus,NC,1.0,2.0,9.0,7.0,19.0,106000.0,515000.0,1.0,1.0,9.4,1.0
37029,Camden,NC,0.0,0.0,0.0,6.0,0.0,10000.0,0.0,0.0,0.0,8.0,0.0
37033,Caswell,NC,0.0,3.0,9.0,18.0,17.0,56000.0,77000.0,1.0,1.0,7.7,0.0
37039,Cherokee,NC,0.0,0.0,5.0,0.0,17.0,0.0,235000.0,1.0,1.0,8.2,0.0
37045,Cleveland,NC,0.0,9.0,11.0,5.0,17.0,117000.0,109000.0,1.0,1.0,9.9,1.0
37055,Dare,NC,0.0,0.0,0.0,0.0,0.0,0.0,0.0,0.0,1.0,7.4,0.0
37065,Edgecombe,NC,0.0,2.0,2.0,6.0,8.0,92000.0,45000.0,0.0,0.0,9.6,1.0
37067,Forsyth,NC,0.0,0.0,12.0,11.0,21.0,418000.0,1175000.0,1.0,0.0,10.1,1.0
37071,Gaston,NC,0.0,9.0,3.0,5.0,10.0,56000.0,38000.0,1.0,1.0,8.7,0.0
37077,Granville,NC,0.0,9.0,3.0,14.0,16.0,11000.0,32000.0,1.0,1.0,9.1,1.0
37081,Guilford,NC,0.0,6.0,12.0,19.0,38.0,119000.0,685000.0,1.0,1.0,10.3,1.0
37083,Halifax,NC,0.0,1.0,0.0,16.0,18.0,40000.0,86000.0,1.0,1.0,11.6,1.0
37087,Haywood,NC,0.0,6.0,3.0,12.0,7.0,905000.0,100000.0,1.0,1.0,8.0,0.0
37089,Henderson,NC,0.0,7.0,9.0,9.0,18.0,52000.0,507000.0,1.0,1.0,8.3,0.0
37091,Hertford,NC,0.0,2.0,0.0,7.0,5.0,28000.0,20000.0,1.0,1.0,13.1,1.0
37099,Jackson,NC,0.0,3.0,7.0,7.0,12.0,439000.0,452000.0,1.0,1.0,8.4,0.0
37101,Johnston,NC,0.0,7.0,11.0,8.0,10.0,44000.0,191000.0,1.0,1.0,10.0,1.0
37105,Lee,NC,0.0,2.0,4.0,0.0,5.0,0.0,6000.0,1.0,0.0,8.4,0.0
37123,Montgomery,NC,0.0,1.0,8.0,6.0,13.0,196000.0,14000.0,1.0,1.0,9.2,1.0
37125,Moore,NC,0.0,2.0,11.0,5.0,17.0,10000.0,31000.0,1.0,1.0,6.5,0.0
37133,Onslow,NC,0.0,3.0,0.0,12.0,14.0,34000.0,125000.0,1.0,1.0,10.0,1.0
37143,Perquimans,NC,0.0,0.0,3.0,0.0,3.0,0.0,2000.0,1.0,1.0,7.6,0.0
37145,Person,NC,0.0,1.0,10.0,5.0,13.0,3000.0,276000.0,1.0,1.0,7.2,0.0
37155,Robeson,NC,0.0,4.0,15.0,5.0,12.0,30000.0,42000.0,0.0,0.0,13.1,1.0
37161,Rutherford,NC,0.0,5.0,6.0,8.0,15.0,14000.0,71000.0,0.0,0.0,11.2,1.0
37171,Surry,NC,1.0,15.0,8.0,10.0,25.0,326000.0,243000.0,1.0,1.0,9.5,1.0
37175,Transylvania,NC,0.0,9.0,5.0,7.0,5.0,96000.0,44000.0,1.0,1.0,7.9,0.0
37177,Tyrrell,NC,0.0,0.0,0.0,0.0,0.0,0.0,0.0,0.0,0.0,8.1,0.0
37183,Wake,NC,2.0,12.0,13.0,26.0,24.0,75000.0,463000.0,1.0,1.0,8.7,0.0
37189,Watauga,NC,0.0,5.0,21.0,8.0,25.0,10000.0,306000.0,1.0,1.0,7.0,0.0
37193,Wilkes,NC,0.0,4.0,16.0,7.0,9.0,275000.0,395000.0,0.0,1.0,8.9,1.0
38001,Adams,ND,0.0,2.0,0.0,9.0,9.0,37000.0,118000.0,1.0,1.0,8.5,0.0
38023,Divide,ND,0.0,1.0,0.0,0.0,0.0,0.0,0.0,0.0,1.0,6.4,0.0
38025,Dunn,ND,0.0,0.0,0.0,5.0,6.0,26000.0,16000.0,0.0,1.0,8.9,1.0
38029,Emmons,ND,0.0,3.0,0.0,3.0,0.0,75000.0,0.0,1.0,1.0,8.4,0.0
38033,Golden Valley,ND,0.0,2.0,0.0,5.0,0.0,5000.0,0.0,1.0,0.0,7.0,0.0
38041,Hettinger,ND,0.0,0.0,1.0,27.0,9.0,187000.0,110000.0,1.0,0.0,7.6,0.0
38049,McHenry,ND,0.0,2.0,2.0,7.0,11.0,99000.0,114000.0,1.0,1.0,7.0,0.0
38053,McKenzie,ND,0.0,1.0,2.0,17.0,4.0,103000.0,92000.0,1.0,0.0,7.4,0.0
38059,Morton,ND,0.0,0.0,6.0,5.0,4.0,5000.0,8000.0,1.0,1.0,8.6,0.0
38061,Mountrail,ND,0.0,0.0,0.0,7.0,7.0,252000.0,35000.0,1.0,1.0,9.5,1.0
38065,Oliver,ND,0.0,0.0,2.0,0.0,0.0,0.0,0.0,0.0,1.0,7.0,0.0
38069,Pierce,ND,0.0,0.0,0.0,3.0,0.0,4000.0,0.0,1.0,1.0,6.3,0.0
38071,Ramsey,ND,0.0,0.0,2.0,9.0,0.0,21000.0,0.0,1.0,1.0,9.1,1.0
38073,Ransom,ND,0.0,0.0,0.0,0.0,3.0,0.0,15000.0,1.0,1.0,9.3,1.0
38075,Renville,ND,0.0,0.0,0.0,0.0,0.0,0.0,0.0,0.0,0.0,7.7,0.0
38083,Sheridan,ND,0.0,0.0,0.0,15.0,3.0,100000.0,36000.0,0.0,1.0,7.7,0.0
38091,Steele,ND,0.0,2.0,1.0,0.0,0.0,0.0,0.0,0.0,0.0,9.6,1.0
38105,Williams,ND,0.0,2.0,0.0,5.0,5.0,8000.0,2000.0,0.0,0.0,9.9,1.0
39001,Adams,OH,0.0,10.0,2.0,9.0,10.0,100000.0,66000.0,1.0,1.0,11.7,1.0
39005,Ashland,OH,0.0,10.0,8.0,9.0,7.0,57000.0,36000.0,1.0,1.0,7.8,0.0
39007,Ashtabula,OH,0.0,12.0,14.0,7.0,16.0,73000.0,144000.0,1.0,0.0,9.3,1.0
39009,Athens,OH,1.0,5.0,5.0,9.0,15.0,39000.0,45000.0,1.0,1.0,10.5,1.0
39015,Brown,OH,0.0,8.0,2.0,6.0,7.0,45000.0,31000.0,0.0,0.0,9.5,1.0
39017,Butler,OH,0.0,4.0,1.0,6.0,14.0,25000.0,19000.0,1.0,1.0,9.5,1.0
39019,Carroll,OH,0.0,5.0,5.0,6.0,9.0,28000.0,16000.0,1.0,0.0,9.0,1.0
39023,Clark,OH,0.0,3.0,1.0,6.0,6.0,248000.0,202000.0,0.0,0.0,10.5,1.0
39025,Clermont,OH,0.0,6.0,1.0,6.0,19.0,33000.0,42000.0,1.0,1.0,10.7,1.0
39029,Columbiana,OH,0.0,1.0,7.0,7.0,9.0,108000.0,128000.0,1.0,1.0,10.8,1.0
39031,Coshocton,OH,0.0,13.0,5.0,15.0,23.0,129000.0,35000.0,0.0,1.0,8.6,0.0
39037,Darke,OH,0.0,4.0,6.0,3.0,3.0,15000.0,41000.0,1.0,0.0,9.1,1.0
39039,Defiance,OH,0.0,10.0,5.0,0.0,0.0,0.0,0.0,1.0,1.0,9.0,1.0
39043,Erie,OH,0.0,7.0,4.0,7.0,7.0,202000.0,93000.0,1.0,1.0,9.7,1.0
39045,Fairfield,OH,0.0,9.0,3.0,7.0,11.0,57000.0,26000.0,1.0,1.0,8.7,0.0
39049,Franklin,OH,1.0,4.0,3.0,8.0,7.0,56000.0,556000.0,1.0,1.0,10.5,1.0
39051,Fulton,OH,0.0,4.0,4.0,0.0,3.0,0.0,1000.0,1.0,1.0,7.8,0.0
39053,Gallia,OH,0.0,3.0,6.0,4.0,21.0,43000.0,64000.0,0.0,0.0,12.7,1.0
39059,Guernsey,OH,0.0,0.0,1.0,9.0,24.0,13000.0,116000.0,0.0,0.0,9.6,1.0
39069,Henry,OH,0.0,3.0,2.0,4.0,4.0,8000.0,45000.0,1.0,1.0,8.0,0.0
39071,Highland,OH,0.0,5.0,8.0,6.0,6.0,9000.0,8000.0,1.0,1.0,11.7,1.0
39079,Jackson,OH,0.0,1.0,1.0,5.0,9.0,14000.0,25000.0,0.0,1.0,14.3,1.0
39081,Jefferson,OH,0.0,0.0,2.0,0.0,6.0,0.0,172000.0,1.0,0.0,11.0,1.0
39089,Licking,OH,0.0,6.0,8.0,11.0,17.0,215000.0,506000.0,1.0,1.0,9.4,1.0
39091,Logan,OH,0.0,7.0,2.0,3.0,5.0,3000.0,30000.0,0.0,0.0,8.1,0.0
39093,Lorain,OH,1.0,10.0,4.0,6.0,15.0,120000.0,434000.0,1.0,1.0,11.9,1.0
39097,Madison,OH,0.0,10.0,3.0,0.0,7.0,0.0,58000.0,0.0,0.0,10.0,1.0
39103,Medina,OH,0.0,6.0,12.0,17.0,13.0,186000.0,411000.0,1.0,1.0,8.3,0.0
39105,Meigs,OH,0.0,1.0,2.0,4.0,7.0,10000.0,33000.0,1.0,0.0,12.9,1.0
39107,Mercer,OH,0.0,3.0,3.0,4.0,4.0,6000.0,5000.0,1.0,1.0,9.2,1.0
39109,Miami,OH,0.0,5.0,4.0,4.0,4.0,34000.0,180000.0,1.0,0.0,7.4,0.0
39119,Muskingum,OH,0.0,6.0,5.0,13.0,20.0,30000.0,212000.0,0.0,1.0,10.5,1.0
39131,Pike,OH,0.0,6.0,6.0,0.0,3.0,0.0,5000.0,0.0,1.0,12.1,1.0
39133,Portage,OH,0.0,4.0,6.0,7.0,23.0,24000.0,132000.0,1.0,1.0,8.4,0.0
39143,Sandusky,OH,0.0,5.0,4.0,5.0,7.0,97000.0,29000.0,1.0,1.0,9.2,1.0
39145,Scioto,OH,0.0,4.0,2.0,3.0,8.0,6000.0,19000.0,0.0,1.0,12.4,1.0
39151,Stark,OH,0.0,10.0,13.0,6.0,17.0,48000.0,435000.0,1.0,1.0,10.3,1.0
39167,Washington,OH,0.0,6.0,3.0,6.0,22.0,146000.0,91000.0,1.0,1.0,11.4,1.0
40001,Adair,OK,0.0,3.0,6.0,0.0,5.0,0.0,39000.0,1.0,1.0,10.6,1.0
40003,Alfalfa,OK,0.0,8.0,3.0,8.0,8.0,10000.0,6000.0,0.0,0.0,7.5,0.0
40005,Atoka,OK,0.0,2.0,0.0,7.0,11.0,20000.0,21000.0,0.0,0.0,8.0,0.0
40007,Beaver,OK,0.0,3.0,0.0,15.0,7.0,128000.0,100000.0,1.0,1.0,7.4,0.0
40015,Caddo,OK,0.0,8.0,4.0,12.0,24.0,55000.0,137000.0,0.0,1.0,11.3,1.0
40017,Canadian,OK,0.0,10.0,3.0,11.0,12.0,25000.0,273000.0,1.0,1.0,9.7,1.0
40019,Carter,OK,0.0,6.0,1.0,6.0,12.0,205000.0,54000.0,1.0,1.0,11.3,1.0
40023,Choctaw,OK,0.0,8.0,3.0,5.0,13.0,28000.0,113000.0,0.0,0.0,11.6,1.0
40031,Comanche,OK,0.0,2.0,0.0,14.0,6.0,122000.0,21000.0,1.0,1.0,12.4,1.0
40033,Cotton,OK,0.0,2.0,4.0,0.0,14.0,0.0,47000.0,0.0,0.0,7.5,0.0
40035,Craig,OK,0.0,2.0,5.0,13.0,20.0,56000.0,74000.0,1.0,1.0,8.8,1.0
40037,Creek,OK,0.0,5.0,10.0,22.0,12.0,73000.0,32000.0,1.0,1.0,9.6,1.0
40041,Delaware,OK,0.0,4.0,2.0,0.0,5.0,0.0,9000.0,0.0,1.0,10.7,1.0
40043,Dewey,OK,0.0,2.0,1.0,10.0,3.0,44000.0,11000.0,0.0,0.0,8.5,0.0
40045,Ellis,OK,0.0,6.0,0.0,10.0,12.0,81000.0,127000.0,1.0,0.0,6.9,0.0
40047,Garfield,OK,0.0,6.0,0.0,7.0,5.0,34000.0,9000.0,0.0,0.0,8.3,0.0
40049,Garvin,OK,0.0,5.0,5.0,9.0,7.0,46000.0,25000.0,1.0,0.0,9.2,1.0
40051,Grady,OK,0.0,5.0,6.0,11.0,30.0,29000.0,197000.0,1.0,1.0,8.7,0.0
40065,Jackson,OK,0.0,1.0,1.0,5.0,10.0,67000.0,21000.0,0.0,0.0,8.1,0.0
40071,Kay,OK,0.0,4.0,1.0,12.0,11.0,31000.0,28000.0,1.0,0.0,9.4,1.0
40075,Kiowa,OK,0.0,4.0,4.0,6.0,0.0,9000.0,0.0,0.0,0.0,9.4,1.0
40077,Latimer,OK,0.0,0.0,2.0,4.0,3.0,20000.0,10000.0,1.0,0.0,7.9,0.0
40079,Le Flore,OK,0.0,5.0,3.0,7.0,8.0,131000.0,213000.0,0.0,1.0,10.5,1.0
40081,Lincoln,OK,0.0,0.0,3.0,7.0,28.0,117000.0,37000.0,1.0,1.0,8.8,1.0
40085,Love,OK,0.0,2.0,1.0,4.0,7.0,10000.0,131000.0,1.0,0.0,8.0,0.0
40087,McClain,OK,0.0,1.0,2.0,7.0,18.0,15000.0,119000.0,1.0,0.0,8.7,0.0
40091,McIntosh,OK,0.0,8.0,1.0,6.0,8.0,11000.0,14000.0,1.0,0.0,11.2,1.0
40093,Major,OK,0.0,6.0,0.0,14.0,27.0,53000.0,46000.0,0.0,1.0,9.3,1.0
40099,Murray,OK,0.0,0.0,0.0,5.0,8.0,20000.0,64000.0,0.0,1.0,9.5,1.0
40107,Okfuskee,OK,0.0,5.0,4.0,10.0,28.0,18000.0,42000.0,0.0,0.0,8.4,0.0
40109,Oklahoma,OK,2.0,5.0,6.0,0.0,15.0,0.0,291000.0,1.0,1.0,11.0,1.0
40113,Osage,OK,0.0,6.0,6.0,17.0,14.0,57000.0,49000.0,1.0,0.0,7.8,0.0
40115,Ottawa,OK,0.0,6.0,0.0,4.0,4.0,80000.0,4000.0,1.0,1.0,9.9,1.0
40119,Payne,OK,0.0,6.0,8.0,13.0,15.0,26000.0,24000.0,1.0,0.0,9.3,1.0
40123,Pontotoc,OK,0.0,4.0,0.0,10.0,12.0,142000.0,468000.0,0.0,0.0,9.2,1.0
40125,Pottawatomie,OK,0.0,1.0,5.0,8.0,7.0,39000.0,6000.0,1.0,1.0,12.1,1.0
40127,Pushmataha,OK,0.0,2.0,0.0,10.0,12.0,49000.0,171000.0,0.0,0.0,7.1,0.0
40129,Roger Mills,OK,0.0,4.0,2.0,17.0,10.0,96000.0,166000.0,0.0,0.0,7.2,0.0
40131,Rogers,OK,0.0,4.0,0.0,8.0,28.0,57000.0,84000.0,1.0,1.0,8.6,0.0
40135,Sequoyah,OK,0.0,1.0,1.0,5.0,4.0,5000.0,2000.0,1.0,1.0,8.5,0.0
40137,Stephens,OK,0.0,2.0,4.0,0.0,12.0,0.0,16000.0,1.0,1.0,11.1,1.0
40145,Wagoner,OK,0.0,2.0,2.0,7.0,15.0,193000.0,21000.0,0.0,1.0,12.3,1.0
40149,Washita,OK,0.0,1.0,3.0,0.0,5.0,0.0,11000.0,1.0,0.0,8.5,0.0
40151,Woods,OK,0.0,1.0,0.0,22.0,13.0,217000.0,218000.0,1.0,1.0,8.0,0.0
41001,Baker,OR,0.0,2.0,4.0,11.0,7.0,46000.0,43000.0,1.0,1.0,9.2,1.0
41005,Clackamas,OR,0.0,22.0,35.0,19.0,55.0,134000.0,475000.0,1.0,1.0,7.6,0.0
41011,Coos,OR,0.0,2.0,1.0,3.0,5.0,4000.0,100000.0,1.0,1.0,11.0,1.0
41015,Curry,OR,0.0,3.0,6.0,3.0,3.0,24000.0,11000.0,1.0,1.0,7.3,0.0
41017,Deschutes,OR,0.0,6.0,8.0,8.0,25.0,273000.0,584000.0,1.0,1.0,6.9,0.0
41023,Grant,OR,0.0,0.0,2.0,20.0,15.0,209000.0,353000.0,1.0,1.0,6.6,0.0
41029,Jackson,OR,0.0,15.0,22.0,13.0,15.0,163000.0,253000.0,1.0,1.0,8.3,0.0
41035,Klamath,OR,0.0,6.0,7.0,10.0,10.0,65000.0,136000.0,0.0,0.0,7.7,0.0
41037,Lake,OR,0.0,2.0,2.0,7.0,10.0,113000.0,53000.0,0.0,0.0,7.2,0.0
41039,Lane,OR,2.0,29.0,48.0,15.0,38.0,158000.0,1554000.0,1.0,1.0,8.0,0.0
41045,Malheur,OR,0.0,5.0,4.0,8.0,13.0,184000.0,79000.0,1.0,1.0,8.7,0.0
41047,Marion,OR,0.0,13.0,22.0,10.0,25.0,37000.0,690000.0,1.0,1.0,10.3,1.0
41051,Multnomah,OR,0.0,6.0,31.0,15.0,24.0,1025000.0,289000.0,1.0,1.0,8.1,0.0
41059,Umatilla,OR,0.0,7.0,5.0,16.0,12.0,56000.0,46000.0,1.0,1.0,9.5,1.0
41065,Wasco,OR,0.0,8.0,6.0,19.0,19.0,223000.0,102000.0,0.0,1.0,7.4,0.0
41069,Wheeler,OR,1.0,0.0,0.0,12.0,19.0,193000.0,343000.0,1.0,1.0,6.9,0.0
41071,Yamhill,OR,0.0,19.0,20.0,22.0,39.0,149000.0,1698000.0,1.0,1.0,10.4,1.0
42001,Adams,PA,0.0,8.0,21.0,12.0,9.0,293000.0,185000.0,1.0,1.0,9.9,1.0
42003,Allegheny,PA,2.0,8.0,8.0,9.0,13.0,311000.0,335000.0,1.0,1.0,8.3,0.0
42009,Bedford,PA,0.0,4.0,8.0,15.0,14.0,377000.0,538000.0,1.0,1.0,8.6,0.0
42011,Berks,PA,0.0,18.0,38.0,24.0,13.0,188000.0,191000.0,1.0,1.0,7.3,0.0
42015,Bradford,PA,0.0,3.0,10.0,8.0,9.0,48000.0,29000.0,1.0,1.0,8.8,1.0
42017,Bucks,PA,0.0,16.0,19.0,26.0,69.0,1266000.0,4368000.0,1.0,1.0,9.2,1.0
42019,Butler,PA,0.0,2.0,12.0,11.0,12.0,526000.0,431000.0,1.0,1.0,7.3,0.0
42027,Centre,PA,0.0,10.0,21.0,20.0,22.0,232000.0,208000.0,1.0,1.0,8.2,0.0
42037,Columbia,PA,0.0,5.0,5.0,7.0,9.0,171000.0,80000.0,0.0,1.0,8.6,0.0
42039,Crawford,PA,0.0,2.0,9.0,9.0,20.0,42000.0,44000.0,1.0,1.0,9.1,1.0
42045,Delaware,PA,0.0,1.0,6.0,8.0,7.0,40000.0,77000.0,1.0,1.0,7.8,0.0
42047,Elk,PA,0.0,2.0,1.0,8.0,3.0,23000.0,11000.0,0.0,0.0,9.0,1.0
42049,Erie,PA,0.0,6.0,8.0,9.0,9.0,170000.0,205000.0,1.0,1.0,7.7,0.0
42055,Franklin,PA,0.0,4.0,8.0,10.0,7.0,507000.0,111000.0,1.0,1.0,8.9,1.0
42057,Fulton,PA,0.0,0.0,0.0,8.0,3.0,175000.0,77000.0,0.0,1.0,8.5,0.0
42059,Greene,PA,0.0,4.0,2.0,11.0,10.0,24000.0,26000.0,0.0,1.0,8.4,0.0
42061,Huntingdon,PA,1.0,9.0,9.0,8.0,12.0,173000.0,247000.0,1.0,1.0,9.1,1.0
42065,Jefferson,PA,0.0,0.0,2.0,10.0,17.0,365000.0,197000.0,1.0,1.0,10.3,1.0
42069,Lackawanna,PA,0.0,0.0,0.0,5.0,8.0,176000.0,236000.0,1.0,1.0,7.7,0.0
42071,Lancaster,PA,0.0,47.0,88.0,54.0,70.0,1654000.0,2688000.0,1.0,1.0,8.8,1.0
42075,Lebanon,PA,0.0,6.0,7.0,6.0,9.0,34000.0,61000.0,1.0,1.0,9.3,1.0
42081,Lycoming,PA,0.0,9.0,4.0,13.0,11.0,87000.0,179000.0,1.0,1.0,8.6,0.0
42083,McKean,PA,0.0,0.0,0.0,8.0,5.0,38000.0,2000.0,0.0,0.0,7.8,0.0
42089,Monroe,PA,0.0,2.0,5.0,6.0,8.0,129000.0,134000.0,1.0,1.0,9.1,1.0
42091,Montgomery,PA,0.0,2.0,8.0,8.0,20.0,54000.0,851000.0,1.0,1.0,6.8,0.0
42095,Northampton,PA,0.0,5.0,12.0,9.0,15.0,615000.0,199000.0,1.0,1.0,8.2,0.0
42099,Perry,PA,0.0,4.0,10.0,5.0,9.0,54000.0,98000.0,1.0,1.0,7.5,0.0
42111,Somerset,PA,0.0,10.0,9.0,10.0,9.0,415000.0,183000.0,0.0,1.0,7.6,0.0
42115,Susquehanna,PA,0.0,4.0,8.0,14.0,5.0,113000.0,10000.0,1.0,1.0,8.0,0.0
42117,Tioga,PA,0.0,4.0,2.0,8.0,10.0,92000.0,31000.0,0.0,0.0,8.0,0.0
42125,Washington,PA,0.0,8.0,5.0,7.0,8.0,424000.0,199000.0,1.0,1.0,9.4,1.0
42127,Wayne,PA,0.0,5.0,8.0,9.0,20.0,114000.0,72000.0,1.0,0.0,7.2,0.0
42129,Westmoreland,PA,0.0,12.0,6.0,10.0,15.0,386000.0,418000.0,1.0,1.0,8.3,0.0
42133,York,PA,1.0,8.0,10.0,27.0,26.0,124000.0,593000.0,1.0,1.0,9.3,1.0
44005,Newport,RI,0.0,6.0,4.0,11.0,25.0,370000.0,913000.0,1.0,1.0,6.8,0.0
44007,Providence,RI,1.0,17.0,33.0,11.0,12.0,153000.0,234000.0,1.0,1.0,9.8,1.0
44009,Washington,RI,0.0,8.0,10.0,13.0,23.0,31000.0,272000.0,1.0,1.0,6.8,0.0
45001,Abbeville,SC,0.0,1.0,4.0,4.0,11.0,27000.0,65000.0,0.0,1.0,12.1,1.0
45003,Aiken,SC,0.0,5.0,8.0,4.0,26.0,5000.0,37000.0,1.0,0.0,10.7,1.0
45005,Allendale,SC,0.0,1.0,0.0,19.0,5.0,864000.0,27000.0,1.0,0.0,13.6,1.0
45007,Anderson,SC,0.0,6.0,7.0,10.0,20.0,128000.0,157000.0,1.0,1.0,12.4,1.0
45009,Bamberg,SC,0.0,8.0,2.0,17.0,18.0,69000.0,16000.0,1.0,0.0,12.5,1.0
45017,Calhoun,SC,0.0,0.0,2.0,9.0,11.0,153000.0,36000.0,1.0,0.0,9.0,1.0
45025,Chesterfield,SC,0.0,5.0,1.0,19.0,31.0,67000.0,195000.0,1.0,0.0,14.3,1.0
45027,Clarendon,SC,0.0,6.0,2.0,17.0,9.0,87000.0,244000.0,1.0,0.0,10.9,1.0
45029,Colleton,SC,0.0,3.0,4.0,8.0,20.0,309000.0,293000.0,1.0,0.0,12.6,1.0
45037,Edgefield,SC,0.0,3.0,3.0,5.0,21.0,6000.0,102000.0,0.0,0.0,10.7,1.0
45045,Greenville,SC,0.0,7.0,10.0,8.0,28.0,116000.0,126000.0,1.0,1.0,10.0,1.0
45047,Greenwood,SC,0.0,9.0,2.0,4.0,11.0,173000.0,67000.0,0.0,1.0,10.7,1.0
45049,Hampton,SC,0.0,2.0,1.0,16.0,34.0,215000.0,193000.0,0.0,1.0,12.6,1.0
45053,Jasper,SC,0.0,0.0,0.0,6.0,9.0,525000.0,437000.0,1.0,1.0,12.4,1.0
45061,Lee,SC,0.0,5.0,0.0,11.0,11.0,58000.0,52000.0,0.0,1.0,12.4,1.0
45063,Lexington,SC,0.0,5.0,3.0,9.0,9.0,139000.0,174000.0,1.0,1.0,9.8,1.0
45075,Orangeburg,SC,0.0,7.0,5.0,22.0,40.0,65000.0,128000.0,0.0,0.0,14.0,1.0
45079,Richland,SC,0.0,3.0,5.0,7.0,10.0,312000.0,79000.0,1.0,1.0,10.7,1.0
45081,Saluda,SC,0.0,12.0,4.0,4.0,17.0,13000.0,123000.0,1.0,0.0,11.4,1.0
45085,Sumter,SC,0.0,8.0,5.0,10.0,10.0,53000.0,317000.0,0.0,0.0,11.5,1.0
45089,Williamsburg,SC,0.0,8.0,8.0,18.0,14.0,85000.0,200000.0,0.0,0.0,17.2,1.0
45091,York,SC,0.0,3.0,3.0,13.0,29.0,155000.0,266000.0,1.0,1.0,9.8,1.0
46003,Aurora,SD,0.0,1.0,0.0,15.0,20.0,794000.0,422000.0,0.0,1.0,7.8,0.0
46005,Beadle,SD,0.0,4.0,2.0,23.0,7.0,441000.0,50000.0,1.0,1.0,6.9,0.0
46011,Brookings,SD,0.0,3.0,1.0,6.0,9.0,13000.0,76000.0,1.0,1.0,7.7,0.0
46013,Brown,SD,0.0,3.0,3.0,14.0,12.0,545000.0,117000.0,1.0,0.0,9.4,1.0
46019,Butte,SD,0.0,4.0,5.0,13.0,10.0,105000.0,185000.0,1.0,1.0,8.1,0.0
46023,Charles Mix,SD,0.0,5.0,1.0,14.0,11.0,172000.0,202000.0,1.0,1.0,8.3,0.0
46025,Clark,SD,0.0,4.0,0.0,8.0,7.0,64000.0,191000.0,0.0,0.0,7.4,0.0
46037,Day,SD,0.0,3.0,1.0,9.0,14.0,129000.0,25000.0,0.0,0.0,6.9,0.0
46045,Edmunds,SD,0.0,0.0,0.0,9.0,11.0,283000.0,189000.0,0.0,1.0,7.2,0.0
46053,Gregory,SD,0.0,0.0,0.0,44.0,28.0,738000.0,890000.0,0.0,0.0,7.0,0.0
46055,Haakon,SD,0.0,0.0,0.0,14.0,7.0,83000.0,97000.0,0.0,0.0,6.3,0.0
46057,Hamlin,SD,0.0,3.0,0.0,8.0,5.0,181000.0,60000.0,0.0,0.0,7.9,0.0
46059,Hand,SD,0.0,2.0,0.0,20.0,15.0,189000.0,79000.0,0.0,0.0,6.9,0.0
46063,Harding,SD,0.0,0.0,0.0,14.0,7.0,72000.0,114000.0,0.0,0.0,6.6,0.0
46065,Hughes,SD,0.0,0.0,0.0,13.0,16.0,1396000.0,947000.0,0.0,1.0,8.5,0.0
46073,Jerauld,SD,0.0,1.0,0.0,12.0,7.0,253000.0,655000.0,1.0,0.0,7.3,0.0
46089,McPherson,SD,0.0,0.0,0.0,11.0,7.0,52000.0,59000.0,0.0,0.0,7.7,0.0
46093,Meade,SD,0.0,1.0,1.0,25.0,23.0,280000.0,595000.0,1.0,1.0,7.5,0.0
46099,Minnehaha,SD,0.0,4.0,2.0,7.0,4.0,26000.0,45000.0,1.0,1.0,8.0,0.0
46102,Oglala Lakota,SD,0.0,0.0,0.0,0.0,0.0,0.0,0.0,0.0,0.0,17.9,1.0
46103,Pennington,SD,1.0,1.0,3.0,15.0,12.0,123000.0,188000.0,0.0,1.0,8.2,0.0
46109,Roberts,SD,0.0,2.0,0.0,8.0,14.0,20000.0,177000.0,0.0,0.0,8.8,1.0
46111,Sanborn,SD,0.0,0.0,0.0,21.0,20.0,434000.0,391000.0,1.0,1.0,8.6,0.0
46115,Spink,SD,0.0,6.0,0.0,15.0,13.0,227000.0,362000.0,1.0,1.0,7.1,0.0
46129,Walworth,SD,0.0,0.0,0.0,10.0,18.0,189000.0,78000.0,1.0,1.0,8.4,0.0
47001,Anderson,TN,0.0,1.0,2.0,3.0,0.0,12000.0,0.0,1.0,1.0,9.0,1.0
47009,Blount,TN,0.0,1.0,4.0,14.0,10.0,165000.0,248000.0,1.0,1.0,7.2,0.0
47011,Bradley,TN,0.0,0.0,4.0,7.0,16.0,76000.0,102000.0,1.0,0.0,11.4,1.0
47015,Cannon,TN,0.0,3.0,3.0,4.0,4.0,12000.0,12000.0,1.0,1.0,7.5,0.0
47017,Carroll,TN,0.0,2.0,2.0,12.0,4.0,14000.0,6000.0,1.0,1.0,8.9,1.0
47019,Carter,TN,0.0,0.0,1.0,4.0,12.0,20000.0,37000.0,0.0,1.0,11.8,1.0
47031,Coffee,TN,0.0,1.0,3.0,4.0,4.0,44000.0,67000.0,1.0,0.0,9.9,1.0
47047,Fayette,TN,0.0,5.0,0.0,8.0,10.0,230000.0,308000.0,0.0,0.0,10.0,1.0
47051,Franklin,TN,0.0,4.0,4.0,12.0,6.0,193000.0,225000.0,0.0,1.0,9.4,1.0
47055,Giles,TN,0.0,7.0,2.0,8.0,7.0,28000.0,35000.0,1.0,1.0,7.5,0.0
47059,Greene,TN,0.0,4.0,5.0,15.0,10.0,27000.0,121000.0,0.0,1.0,12.6,1.0
47069,Hardeman,TN,0.0,0.0,4.0,21.0,8.0,36000.0,226000.0,0.0,0.0,9.9,1.0
47071,Hardin,TN,0.0,4.0,2.0,12.0,8.0,42000.0,42000.0,1.0,1.0,9.2,1.0
47073,Hawkins,TN,0.0,8.0,6.0,4.0,7.0,5000.0,7000.0,1.0,1.0,9.9,1.0
47077,Henderson,TN,0.0,2.0,1.0,3.0,6.0,5000.0,6000.0,0.0,0.0,12.5,1.0
47079,Henry,TN,0.0,2.0,0.0,8.0,9.0,40000.0,17000.0,0.0,0.0,8.9,1.0
47081,Hickman,TN,0.0,3.0,11.0,6.0,14.0,23000.0,29000.0,0.0,0.0,10.0,1.0
47091,Johnson,TN,0.0,2.0,3.0,0.0,0.0,0.0,0.0,1.0,1.0,6.5,0.0
47099,Lawrence,TN,0.0,12.0,21.0,12.0,8.0,72000.0,37000.0,1.0,1.0,9.9,1.0
47103,Lincoln,TN,0.0,10.0,8.0,13.0,11.0,42000.0,11000.0,1.0,1.0,7.2,0.0
47107,McMinn,TN,0.0,7.0,3.0,13.0,13.0,149000.0,130000.0,1.0,1.0,10.1,1.0
47109,McNairy,TN,0.0,6.0,4.0,8.0,9.0,13000.0,65000.0,1.0,1.0,12.7,1.0
47111,Macon,TN,0.0,5.0,6.0,4.0,0.0,4000.0,0.0,0.0,0.0,9.8,1.0
47113,Madison,TN,0.0,2.0,0.0,12.0,5.0,32000.0,22000.0,1.0,1.0,9.6,1.0
47119,Maury,TN,0.0,2.0,2.0,9.0,17.0,78000.0,95000.0,1.0,1.0,10.1,1.0
47137,Pickett,TN,0.0,0.0,0.0,0.0,3.0,0.0,3000.0,0.0,0.0,7.0,0.0
47139,Polk,TN,0.0,4.0,0.0,5.0,8.0,189000.0,632000.0,0.0,0.0,8.8,1.0
47141,Putnam,TN,0.0,5.0,4.0,8.0,8.0,15000.0,18000.0,1.0,1.0,8.4,0.0
47143,Rhea,TN,0.0,1.0,1.0,3.0,6.0,7000.0,33000.0,1.0,1.0,10.4,1.0
47147,Robertson,TN,0.0,1.0,9.0,8.0,12.0,26000.0,35000.0,1.0,1.0,9.1,1.0
47149,Rutherford,TN,0.0,4.0,3.0,8.0,17.0,88000.0,1116000.0,1.0,1.0,10.5,1.0
47165,Sumner,TN,0.0,3.0,1.0,9.0,10.0,125000.0,167000.0,1.0,1.0,8.0,0.0
47169,Trousdale,TN,0.0,3.0,0.0,0.0,0.0,0.0,0.0,0.0,0.0,7.4,0.0
47179,Washington,TN,0.0,1.0,5.0,11.0,8.0,312000.0,44000.0,1.0,1.0,10.4,1.0
47181,Wayne,TN,0.0,4.0,4.0,5.0,14.0,31000.0,168000.0,0.0,0.0,8.9,1.0
47183,Weakley,TN,0.0,0.0,4.0,8.0,9.0,16000.0,12000.0,1.0,1.0,8.3,0.0
47187,Williamson,TN,0.0,14.0,6.0,25.0,16.0,574000.0,795000.0,1.0,1.0,7.0,0.0
47189,Wilson,TN,0.0,7.0,2.0,12.0,5.0,8000.0,6000.0,1.0,1.0,7.8,0.0
48001,Anderson,TX,0.0,4.0,10.0,11.0,36.0,83000.0,473000.0,1.0,1.0,8.1,0.0
48003,Andrews,TX,0.0,0.0,0.0,8.0,6.0,905000.0,64000.0,0.0,0.0,7.3,0.0
48005,Angelina,TX,0.0,3.0,2.0,3.0,10.0,15000.0,50000.0,1.0,1.0,12.6,1.0
48009,Archer,TX,0.0,3.0,0.0,31.0,27.0,513000.0,444000.0,0.0,0.0,8.6,0.0
48013,Atascosa,TX,0.0,4.0,4.0,42.0,112.0,442000.0,1073000.0,1.0,1.0,7.7,0.0
48021,Bastrop,TX,0.0,12.0,7.0,18.0,18.0,1264000.0,446000.0,1.0,1.0,9.9,1.0
48023,Baylor,TX,0.0,0.0,0.0,19.0,14.0,188000.0,503000.0,1.0,0.0,6.6,0.0
48025,Bee,TX,0.0,3.0,0.0,22.0,43.0,248000.0,536000.0,0.0,1.0,7.4,0.0
48027,Bell,TX,0.0,7.0,11.0,20.0,19.0,81000.0,249000.0,1.0,1.0,9.8,1.0
48029,Bexar,TX,1.0,7.0,3.0,35.0,104.0,100000.0,1283000.0,1.0,1.0,10.6,1.0
48031,Blanco,TX,0.0,4.0,1.0,57.0,71.0,833000.0,782000.0,0.0,0.0,7.3,0.0
48033,Borden,TX,0.0,2.0,1.0,6.0,12.0,347000.0,236000.0,0.0,0.0,7.1,0.0
48035,Bosque,TX,0.0,2.0,0.0,30.0,51.0,140000.0,1879000.0,1.0,0.0,6.9,0.0
48037,Bowie,TX,0.0,2.0,3.0,15.0,30.0,316000.0,394000.0,1.0,1.0,8.6,0.0
48039,Brazoria,TX,0.0,5.0,4.0,14.0,23.0,87000.0,124000.0,0.0,1.0,9.8,1.0
48043,Brewster,TX,0.0,1.0,0.0,24.0,31.0,1074000.0,1867000.0,1.0,0.0,6.9,0.0
48045,Briscoe,TX,0.0,2.0,1.0,8.0,7.0,80000.0,115000.0,0.0,0.0,6.8,0.0
48047,Brooks,TX,0.0,1.0,1.0,21.0,41.0,915000.0,1764000.0,0.0,0.0,6.9,0.0
48049,Brown,TX,0.0,5.0,0.0,79.0,105.0,499000.0,1136000.0,0.0,1.0,7.5,0.0
48053,Burnet,TX,0.0,1.0,5.0,54.0,84.0,524000.0,1352000.0,1.0,0.0,7.0,0.0
48055,Caldwell,TX,0.0,8.0,7.0,6.0,26.0,154000.0,96000.0,0.0,0.0,10.2,1.0
48059,Callahan,TX,0.0,1.0,0.0,30.0,40.0,544000.0,414000.0,1.0,1.0,7.6,0.0
48067,Cass,TX,0.0,0.0,2.0,5.0,9.0,28000.0,17000.0,0.0,0.0,7.2,0.0
48071,Chambers,TX,0.0,0.0,4.0,7.0,7.0,153000.0,381000.0,1.0,1.0,7.3,0.0
48077,Clay,TX,0.0,1.0,8.0,28.0,48.0,237000.0,333000.0,0.0,0.0,8.6,0.0
48081,Coke,TX,0.0,0.0,0.0,51.0,65.0,655000.0,435000.0,0.0,0.0,7.0,0.0
48083,Coleman,TX,0.0,3.0,6.0,105.0,127.0,795000.0,908000.0,0.0,0.0,7.0,0.0
48085,Collin,TX,0.0,7.0,9.0,13.0,26.0,153000.0,194000.0,1.0,1.0,7.0,0.0
48087,Collingsworth,TX,0.0,3.0,0.0,21.0,33.0,113000.0,218000.0,0.0,0.0,6.8,0.0
48089,Colorado,TX,0.0,10.0,4.0,22.0,39.0,152000.0,583000.0,0.0,0.0,7.4,0.0
48093,Comanche,TX,0.0,3.0,0.0,67.0,56.0,363000.0,624000.0,1.0,0.0,6.9,0.0
48095,Concho,TX,0.0,0.0,0.0,40.0,40.0,777000.0,546000.0,0.0,0.0,7.1,0.0
48097,Cooke,TX,0.0,6.0,3.0,16.0,37.0,129000.0,408000.0,0.0,1.0,6.8,0.0
48099,Coryell,TX,0.0,2.0,1.0,44.0,47.0,518000.0,474000.0,0.0,0.0,7.3,0.0
48101,Cottle,TX,0.0,1.0,0.0,20.0,13.0,587000.0,74000.0,0.0,0.0,7.0,0.0
48113,Dallas,TX,0.0,0.0,0.0,16.0,5.0,35000.0,6000.0,1.0,1.0,8.2,0.0
48121,Denton,TX,0.0,5.0,7.0,19.0,61.0,335000.0,223000.0,1.0,1.0,7.0,0.0
48123,DeWitt,TX,0.0,6.0,4.0,11.0,19.0,37000.0,186000.0,1.0,1.0,7.0,0.0
48125,Dickens,TX,0.0,7.0,0.0,15.0,25.0,70000.0,165000.0,0.0,0.0,7.0,0.0
48127,Dimmit,TX,0.0,3.0,0.0,36.0,61.0,1688000.0,3812000.0,1.0,0.0,6.9,0.0
48129,Donley,TX,0.0,5.0,2.0,14.0,18.0,675000.0,368000.0,0.0,0.0,7.1,0.0
48131,Duval,TX,0.0,5.0,3.0,68.0,109.0,1516000.0,1964000.0,0.0,0.0,6.8,0.0
48133,Eastland,TX,0.0,5.0,2.0,62.0,71.0,491000.0,539000.0,1.0,0.0,6.9,0.0
48135,Ector,TX,0.0,0.0,0.0,5.0,18.0,492000.0,327000.0,0.0,0.0,7.6,0.0
48137,Edwards,TX,0.0,0.0,0.0,66.0,97.0,1827000.0,2913000.0,0.0,0.0,7.0,0.0
48139,Ellis,TX,0.0,10.0,4.0,13.0,10.0,70000.0,34000.0,1.0,0.0,11.2,1.0
48143,Erath,TX,0.0,8.0,5.0,40.0,69.0,504000.0,1814000.0,1.0,1.0,7.2,0.0
48147,Fannin,TX,0.0,1.0,3.0,12.0,48.0,38000.0,158000.0,1.0,1.0,6.9,0.0
48149,Fayette,TX,0.0,11.0,10.0,13.0,16.0,92000.0,186000.0,1.0,1.0,7.4,0.0
48151,Fisher,TX,0.0,2.0,0.0,24.0,32.0,268000.0,197000.0,0.0,1.0,7.1,0.0
48153,Floyd,TX,0.0,5.0,0.0,8.0,5.0,38000.0,10000.0,0.0,0.0,7.1,0.0
48155,Foard,TX,0.0,0.0,0.0,13.0,15.0,189000.0,95000.0,0.0,0.0,7.1,0.0
48161,Freestone,TX,0.0,7.0,10.0,18.0,67.0,195000.0,1102000.0,0.0,0.0,7.7,0.0
48163,Frio,TX,0.0,2.0,0.0,61.0,102.0,862000.0,2220000.0,1.0,1.0,7.0,0.0
48169,Garza,TX,0.0,0.0,2.0,11.0,7.0,174000.0,245000.0,0.0,0.0,7.1,0.0
48171,Gillespie,TX,0.0,7.0,10.0,161.0,236.0,2049000.0,1625000.0,0.0,0.0,6.7,0.0
48177,Gonzales,TX,0.0,5.0,2.0,28.0,19.0,122000.0,91000.0,1.0,1.0,7.1,0.0
48183,Gregg,TX,0.0,0.0,0.0,0.0,5.0,0.0,3000.0,0.0,0.0,8.1,0.0
48185,Grimes,TX,0.0,5.0,3.0,12.0,20.0,437000.0,540000.0,0.0,0.0,8.1,0.0
48187,Guadalupe,TX,0.0,4.0,8.0,30.0,51.0,242000.0,352000.0,1.0,1.0,8.8,1.0
48189,Hale,TX,0.0,8.0,2.0,0.0,0.0,0.0,0.0,1.0,0.0,6.9,0.0
48191,Hall,TX,0.0,2.0,0.0,25.0,12.0,587000.0,43000.0,0.0,0.0,7.1,0.0
48193,Hamilton,TX,0.0,0.0,4.0,29.0,46.0,336000.0,422000.0,1.0,1.0,6.9,0.0
48197,Hardeman,TX,0.0,2.0,2.0,6.0,15.0,143000.0,81000.0,0.0,0.0,7.6,0.0
48201,Harris,TX,0.0,6.0,2.0,8.0,29.0,95000.0,667000.0,1.0,1.0,10.4,1.0
48203,Harrison,TX,0.0,1.0,2.0,7.0,18.0,78000.0,63000.0,1.0,1.0,9.2,1.0
48205,Hartley,TX,0.0,1.0,0.0,0.0,0.0,0.0,0.0,1.0,0.0,6.9,0.0
48207,Haskell,TX,0.0,3.0,0.0,13.0,10.0,85000.0,70000.0,0.0,0.0,7.0,0.0
48209,Hays,TX,0.0,10.0,5.0,24.0,38.0,1070000.0,397000.0,1.0,1.0,8.0,0.0
48215,Hidalgo,TX,0.0,12.0,3.0,54.0,77.0,824000.0,647000.0,1.0,1.0,11.9,1.0
48217,Hill,TX,0.0,3.0,3.0,9.0,15.0,94000.0,78000.0,1.0,1.0,8.3,0.0
48221,Hood,TX,0.0,6.0,1.0,4.0,20.0,26000.0,86000.0,0.0,0.0,7.7,0.0
48225,Houston,TX,0.0,2.0,2.0,23.0,54.0,140000.0,343000.0,1.0,0.0,10.2,1.0
48229,Hudspeth,TX,0.0,0.0,0.0,6.0,11.0,321000.0,189000.0,1.0,0.0,6.9,0.0
48231,Hunt,TX,0.0,9.0,8.0,15.0,42.0,50000.0,648000.0,0.0,1.0,8.5,0.0
48233,Hutchinson,TX,0.0,1.0,0.0,5.0,7.0,44000.0,204000.0,0.0,1.0,7.0,0.0
48237,Jack,TX,0.0,1.0,1.0,31.0,36.0,446000.0,224000.0,0.0,0.0,7.2,0.0
48243,Jeff Davis,TX,0.0,1.0,0.0,18.0,14.0,499000.0,966000.0,0.0,0.0,7.1,0.0
48249,Jim Wells,TX,0.0,7.0,0.0,30.0,25.0,411000.0,368000.0,0.0,1.0,7.1,0.0
48251,Johnson,TX,0.0,9.0,19.0,18.0,59.0,535000.0,561000.0,1.0,1.0,10.0,1.0
48253,Jones,TX,0.0,3.0,2.0,9.0,36.0,102000.0,186000.0,1.0,0.0,7.2,0.0
48255,Karnes,TX,0.0,2.0,5.0,20.0,27.0,248000.0,166000.0,0.0,0.0,7.1,0.0
48257,Kaufman,TX,0.0,9.0,8.0,4.0,17.0,26000.0,51000.0,0.0,1.0,8.7,0.0
48259,Kendall,TX,0.0,1.0,1.0,73.0,139.0,3117000.0,2133000.0,1.0,1.0,8.5,0.0
48265,Kerr,TX,0.0,2.0,2.0,88.0,95.0,2708000.0,3692000.0,1.0,0.0,7.5,0.0
48267,Kimble,TX,0.0,1.0,2.0,116.0,147.0,2069000.0,2300000.0,0.0,0.0,6.8,0.0
48271,Kinney,TX,1.0,0.0,0.0,24.0,53.0,780000.0,1280000.0,0.0,1.0,6.9,0.0
48277,Lamar,TX,0.0,13.0,0.0,14.0,31.0,51000.0,125000.0,1.0,1.0,6.8,0.0
48281,Lampasas,TX,0.0,2.0,0.0,52.0,88.0,710000.0,885000.0,0.0,0.0,7.0,0.0
48283,La Salle,TX,0.0,4.0,1.0,47.0,53.0,1107000.0,1185000.0,0.0,0.0,8.1,0.0
48285,Lavaca,TX,0.0,9.0,7.0,17.0,30.0,119000.0,586000.0,0.0,1.0,7.3,0.0
48287,Lee,TX,0.0,3.0,2.0,9.0,9.0,32000.0,77000.0,1.0,0.0,8.1,0.0
48289,Leon,TX,0.0,4.0,6.0,32.0,54.0,279000.0,522000.0,1.0,0.0,6.8,0.0
48297,Live Oak,TX,0.0,10.0,1.0,59.0,85.0,721000.0,1760000.0,0.0,0.0,6.9,0.0
48307,McCulloch,TX,0.0,2.0,0.0,76.0,87.0,1826000.0,1287000.0,0.0,0.0,7.8,0.0
48309,McLennan,TX,2.0,7.0,5.0,13.0,14.0,33000.0,496000.0,1.0,1.0,7.5,0.0
48317,Martin,TX,0.0,4.0,2.0,4.0,3.0,47000.0,19000.0,0.0,0.0,7.0,0.0
48319,Mason,TX,0.0,2.0,0.0,130.0,141.0,1591000.0,2349000.0,0.0,1.0,7.2,0.0
48325,Medina,TX,0.0,20.0,6.0,108.0,181.0,2180000.0,3911000.0,1.0,1.0,8.1,0.0
48329,Midland,TX,0.0,4.0,1.0,12.0,19.0,161000.0,154000.0,0.0,0.0,6.7,0.0
48331,Milam,TX,0.0,10.0,3.0,17.0,7.0,88000.0,15000.0,0.0,0.0,8.7,0.0
48333,Mills,TX,0.0,1.0,0.0,77.0,66.0,830000.0,1148000.0,1.0,0.0,6.8,0.0
48335,Mitchell,TX,0.0,4.0,2.0,13.0,16.0,596000.0,589000.0,0.0,0.0,7.4,0.0
48337,Montague,TX,0.0,9.0,2.0,40.0,50.0,321000.0,239000.0,0.0,0.0,7.3,0.0
48339,Montgomery,TX,0.0,5.0,5.0,15.0,20.0,540000.0,118000.0,1.0,1.0,8.0,0.0
48345,Motley,TX,0.0,0.0,0.0,28.0,16.0,456000.0,728000.0,0.0,0.0,7.4,0.0
48347,Nacogdoches,TX,0.0,0.0,4.0,6.0,12.0,114000.0,223000.0,1.0,1.0,11.4,1.0
48349,Navarro,TX,0.0,6.0,7.0,17.0,8.0,294000.0,9000.0,0.0,0.0,11.3,1.0
48351,Newton,TX,0.0,0.0,0.0,0.0,6.0,0.0,11000.0,0.0,0.0,7.2,0.0
48353,Nolan,TX,0.0,1.0,0.0,24.0,39.0,239000.0,180000.0,0.0,0.0,6.9,0.0
48355,Nueces,TX,0.0,7.0,2.0,13.0,18.0,326000.0,142000.0,1.0,1.0,11.2,1.0
48357,Ochiltree,TX,0.0,5.0,1.0,5.0,0.0,15000.0,0.0,0.0,0.0,7.1,0.0
48363,Palo Pinto,TX,0.0,7.0,1.0,34.0,101.0,284000.0,500000.0,0.0,1.0,10.0,1.0
48365,Panola,TX,0.0,5.0,1.0,6.0,6.0,41000.0,38000.0,1.0,0.0,7.2,0.0
48367,Parker,TX,0.0,10.0,7.0,34.0,84.0,549000.0,588000.0,1.0,1.0,8.2,0.0
48371,Pecos,TX,0.0,0.0,2.0,30.0,47.0,857000.0,677000.0,0.0,0.0,7.2,0.0
48377,Presidio,TX,0.0,0.0,0.0,15.0,22.0,413000.0,715000.0,0.0,0.0,7.5,0.0
48381,Randall,TX,0.0,0.0,2.0,4.0,10.0,4000.0,313000.0,0.0,0.0,7.6,0.0
48383,Reagan,TX,0.0,2.0,1.0,20.0,15.0,696000.0,236000.0,0.0,0.0,6.8,0.0
48385,Real,TX,0.0,0.0,0.0,27.0,38.0,1141000.0,2045000.0,0.0,0.0,6.8,0.0
48387,Red River,TX,0.0,1.0,0.0,25.0,23.0,184000.0,76000.0,0.0,1.0,11.4,1.0
48389,Reeves,TX,0.0,2.0,1.0,6.0,7.0,125000.0,164000.0,0.0,1.0,7.0,0.0
48391,Refugio,TX,0.0,1.0,0.0,10.0,15.0,141000.0,352000.0,1.0,0.0,7.0,0.0
48393,Roberts,TX,0.0,0.0,0.0,7.0,8.0,84000.0,125000.0,0.0,0.0,6.7,0.0
48397,Rockwall,TX,0.0,0.0,0.0,3.0,9.0,17000.0,94000.0,1.0,1.0,6.9,0.0
48399,Runnels,TX,0.0,9.0,1.0,43.0,48.0,382000.0,332000.0,0.0,0.0,6.9,0.0
48401,Rusk,TX,0.0,11.0,10.0,5.0,14.0,22000.0,70000.0,1.0,1.0,9.7,1.0
48411,San Saba,TX,0.0,5.0,0.0,73.0,79.0,1406000.0,1287000.0,0.0,0.0,6.8,0.0
48413,Schleicher,TX,0.0,0.0,0.0,62.0,73.0,2675000.0,2325000.0,0.0,0.0,6.9,0.0
48415,Scurry,TX,0.0,1.0,1.0,12.0,18.0,64000.0,73000.0,1.0,1.0,7.0,0.0
48417,Shackelford,TX,0.0,0.0,0.0,32.0,23.0,1375000.0,495000.0,0.0,0.0,6.9,0.0
48419,Shelby,TX,0.0,1.0,1.0,5.0,0.0,6000.0,0.0,0.0,0.0,8.0,0.0
48423,Smith,TX,0.0,10.0,4.0,11.0,39.0,70000.0,194000.0,1.0,1.0,9.1,1.0
48427,Starr,TX,0.0,10.0,3.0,37.0,75.0,973000.0,929000.0,1.0,1.0,8.4,0.0
48429,Stephens,TX,0.0,0.0,1.0,31.0,32.0,513000.0,482000.0,0.0,0.0,7.8,0.0
48431,Sterling,TX,0.0,0.0,0.0,15.0,15.0,815000.0,408000.0,0.0,0.0,7.0,0.0
48435,Sutton,TX,0.0,1.0,2.0,51.0,55.0,1389000.0,2087000.0,0.0,0.0,6.8,0.0
48437,Swisher,TX,0.0,3.0,0.0,0.0,0.0,0.0,0.0,0.0,0.0,7.0,0.0
48439,Tarrant,TX,0.0,0.0,4.0,8.0,19.0,136000.0,69000.0,1.0,1.0,10.9,1.0
48441,Taylor,TX,0.0,0.0,3.0,42.0,53.0,237000.0,320000.0,0.0,0.0,7.7,0.0
48445,Terry,TX,0.0,3.0,2.0,0.0,0.0,0.0,0.0,0.0,1.0,7.5,0.0
48451,Tom Green,TX,0.0,4.0,10.0,53.0,85.0,1425000.0,1758000.0,1.0,0.0,8.0,0.0
48453,Travis,TX,1.0,12.0,7.0,29.0,39.0,995000.0,1255000.0,1.0,1.0,7.5,0.0
48457,Tyler,TX,0.0,0.0,2.0,3.0,9.0,2000.0,54000.0,1.0,1.0,7.2,0.0
48459,Upshur,TX,0.0,3.0,2.0,5.0,7.0,52000.0,3000.0,0.0,1.0,6.8,0.0
48461,Upton,TX,0.0,1.0,0.0,8.0,11.0,198000.0,570000.0,0.0,0.0,6.8,0.0
48463,Uvalde,TX,0.0,4.0,0.0,63.0,101.0,1794000.0,1582000.0,1.0,0.0,6.7,0.0
48465,Val Verde,TX,0.0,0.0,0.0,49.0,82.0,2174000.0,2072000.0,1.0,1.0,6.8,0.0
48467,Van Zandt,TX,0.0,6.0,0.0,13.0,23.0,65000.0,149000.0,1.0,1.0,7.5,0.0
48469,Victoria,TX,0.0,2.0,2.0,10.0,38.0,57000.0,273000.0,1.0,1.0,10.2,1.0
48471,Walker,TX,0.0,12.0,0.0,3.0,14.0,5000.0,90000.0,1.0,1.0,7.3,0.0
48477,Washington,TX,0.0,6.0,3.0,8.0,15.0,8000.0,461000.0,0.0,0.0,8.1,0.0
48479,Webb,TX,0.0,4.0,0.0,57.0,61.0,5896000.0,2591000.0,0.0,0.0,7.7,0.0
48481,Wharton,TX,0.0,16.0,10.0,19.0,26.0,123000.0,599000.0,1.0,1.0,7.9,0.0
48483,Wheeler,TX,0.0,3.0,0.0,20.0,17.0,590000.0,120000.0,0.0,0.0,6.9,0.0
48487,Wilbarger,TX,0.0,3.0,0.0,5.0,9.0,19000.0,71000.0,1.0,0.0,10.1,1.0
48489,Willacy,TX,0.0,3.0,0.0,5.0,7.0,63000.0,262000.0,0.0,1.0,7.1,0.0
48491,Williamson,TX,0.0,6.0,11.0,12.0,44.0,66000.0,2578000.0,1.0,1.0,8.5,0.0
48493,Wilson,TX,0.0,4.0,7.0,23.0,39.0,116000.0,225000.0,1.0,1.0,6.6,0.0
48497,Wise,TX,0.0,6.0,3.0,22.0,44.0,373000.0,167000.0,1.0,1.0,9.8,1.0
48499,Wood,TX,0.0,14.0,7.0,10.0,9.0,15000.0,27000.0,0.0,1.0,6.9,0.0
48501,Yoakum,TX,0.0,3.0,0.0,0.0,0.0,0.0,0.0,0.0,0.0,7.1,0.0
48503,Young,TX,0.0,1.0,4.0,36.0,59.0,566000.0,771000.0,1.0,1.0,8.3,0.0
48505,Zapata,TX,0.0,2.0,0.0,23.0,74.0,784000.0,911000.0,0.0,0.0,6.8,0.0
49001,Beaver,UT,0.0,1.0,2.0,0.0,0.0,0.0,0.0,1.0,0.0,7.4,0.0
49003,Box Elder,UT,0.0,8.0,11.0,18.0,9.0,175000.0,101000.0,1.0,1.0,9.3,1.0
49005,Cache,UT,0.0,6.0,15.0,12.0,6.0,224000.0,275000.0,0.0,0.0,6.3,0.0
49025,Kane,UT,0.0,1.0,0.0,4.0,7.0,66000.0,92000.0,0.0,0.0,7.7,0.0
49031,Piute,UT,0.0,1.0,0.0,0.0,0.0,0.0,0.0,0.0,0.0,6.9,0.0
49035,Salt Lake,UT,0.0,6.0,8.0,15.0,13.0,264000.0,147000.0,1.0,1.0,7.6,0.0
49037,San Juan,UT,0.0,1.0,4.0,15.0,25.0,105000.0,74000.0,0.0,0.0,9.7,1.0
49043,Summit,UT,0.0,6.0,6.0,21.0,15.0,714000.0,448000.0,1.0,1.0,4.8,0.0
49047,Uintah,UT,0.0,11.0,7.0,5.0,27.0,74000.0,154000.0,1.0,1.0,10.8,1.0
49049,Utah,UT,0.0,17.0,18.0,23.0,16.0,1103000.0,923000.0,1.0,1.0,7.5,0.0
50001,Addison,VT,1.0,12.0,22.0,7.0,14.0,78000.0,288000.0,1.0,1.0,6.6,0.0
50005,Caledonia,VT,1.0,4.0,17.0,5.0,3.0,316000.0,68000.0,1.0,1.0,7.6,0.0
50007,Chittenden,VT,1.0,25.0,49.0,9.0,20.0,42000.0,141000.0,1.0,1.0,6.5,0.0
50015,Lamoille,VT,0.0,2.0,14.0,12.0,17.0,58000.0,88000.0,1.0,1.0,7.3,0.0
50021,Rutland,VT,1.0,12.0,33.0,12.0,23.0,122000.0,265000.0,1.0,1.0,8.0,0.0
50023,Washington,VT,2.0,14.0,29.0,13.0,12.0,151000.0,169000.0,1.0,1.0,6.2,0.0
50025,Windham,VT,0.0,14.0,36.0,4.0,12.0,15000.0,58000.0,1.0,1.0,6.2,0.0
50027,Windsor,VT,0.0,25.0,42.0,25.0,29.0,609000.0,553000.0,1.0,1.0,7.2,0.0
51011,Appomattox,VA,0.0,1.0,9.0,3.0,8.0,1000.0,103000.0,1.0,1.0,11.5,1.0
51015,Augusta,VA,0.0,5.0,13.0,10.0,16.0,110000.0,36000.0,1.0,1.0,6.3,0.0
51017,Bath,VA,0.0,0.0,0.0,0.0,10.0,0.0,126000.0,1.0,1.0,10.4,1.0
51023,Botetourt,VA,0.0,0.0,1.0,0.0,12.0,0.0,55000.0,1.0,1.0,7.6,0.0
51027,Buchanan,VA,0.0,0.0,0.0,0.0,0.0,0.0,0.0,0.0,0.0,8.4,0.0
51029,Buckingham,VA,0.0,0.0,2.0,6.0,6.0,14000.0,274000.0,1.0,1.0,9.7,1.0
51035,Carroll,VA,0.0,3.0,5.0,8.0,11.0,20000.0,49000.0,1.0,1.0,7.2,0.0
51037,Charlotte,VA,0.0,4.0,0.0,8.0,8.0,62000.0,16000.0,0.0,0.0,8.8,1.0
51041,Chesterfield,VA,0.0,0.0,3.0,7.0,9.0,410000.0,447000.0,1.0,0.0,8.9,1.0
51047,Culpeper,VA,2.0,9.0,5.0,7.0,17.0,58000.0,694000.0,1.0,1.0,8.3,0.0
51049,Cumberland,VA,0.0,3.0,0.0,6.0,7.0,13000.0,23000.0,1.0,1.0,9.8,1.0
51051,Dickenson,VA,0.0,0.0,0.0,0.0,0.0,0.0,0.0,0.0,0.0,9.9,1.0
51061,Fauquier,VA,0.0,19.0,12.0,17.0,36.0,1469000.0,192000.0,1.0,1.0,7.7,0.0
51063,Floyd,VA,1.0,13.0,7.0,7.0,18.0,6000.0,460000.0,1.0,1.0,9.4,1.0
51071,Giles,VA,0.0,2.0,5.0,0.0,4.0,0.0,18000.0,0.0,0.0,10.6,1.0
51077,Grayson,VA,0.0,1.0,2.0,6.0,10.0,15000.0,26000.0,0.0,0.0,5.6,0.0
51083,Halifax,VA,0.0,3.0,9.0,9.0,9.0,23000.0,34000.0,0.0,0.0,7.5,0.0
51107,Loudoun,VA,0.0,15.0,20.0,19.0,50.0,1102000.0,2036000.0,1.0,1.0,7.3,0.0
51111,Lunenburg,VA,0.0,3.0,0.0,0.0,0.0,0.0,0.0,0.0,0.0,11.4,1.0
51121,Montgomery,VA,0.0,1.0,10.0,8.0,11.0,18000.0,336000.0,0.0,0.0,11.5,1.0
51127,New Kent,VA,0.0,0.0,1.0,0.0,11.0,0.0,48000.0,0.0,0.0,10.7,1.0
51137,Orange,VA,0.0,4.0,3.0,7.0,7.0,8000.0,161000.0,1.0,1.0,9.4,1.0
51139,Page,VA,0.0,4.0,1.0,6.0,6.0,11000.0,9000.0,1.0,1.0,9.4,1.0
51141,Patrick,VA,0.0,2.0,8.0,6.0,12.0,19000.0,46000.0,0.0,0.0,8.8,1.0
51143,Pittsylvania,VA,0.0,11.0,20.0,16.0,21.0,144000.0,102000.0,1.0,1.0,9.5,1.0
51147,Prince Edward,VA,0.0,3.0,3.0,7.0,13.0,30000.0,27000.0,1.0,1.0,5.5,0.0
51153,Prince William,VA,0.0,7.0,11.0,8.0,11.0,99000.0,45000.0,1.0,1.0,9.7,1.0
51157,Rappahannock,VA,0.0,5.0,9.0,22.0,15.0,260000.0,36000.0,1.0,1.0,8.5,0.0
51163,Rockbridge,VA,0.0,2.0,6.0,12.0,13.0,106000.0,251000.0,1.0,0.0,7.7,0.0
51171,Shenandoah,VA,0.0,8.0,4.0,11.0,15.0,277000.0,566000.0,1.0,1.0,9.5,1.0
51175,Southampton,VA,0.0,3.0,2.0,8.0,7.0,32000.0,23000.0,0.0,0.0,7.5,0.0
51185,Tazewell,VA,0.0,3.0,0.0,8.0,23.0,28000.0,73000.0,0.0,0.0,7.2,0.0
51187,Warren,VA,0.0,0.0,2.0,6.0,8.0,28000.0,512000.0,0.0,0.0,11.1,1.0
51191,Washington,VA,0.0,13.0,9.0,10.0,15.0,21000.0,12000.0,1.0,1.0,8.0,0.0
51193,Westmoreland,VA,0.0,4.0,3.0,7.0,9.0,102000.0,336000.0,1.0,0.0,11.2,1.0
51197,Wythe,VA,0.0,7.0,1.0,13.0,14.0,358000.0,207000.0,0.0,0.0,14.0,1.0
51550,Chesapeake,VA,0.0,3.0,4.0,9.0,5.0,36000.0,45000.0,1.0,1.0,9.3,1.0
51650,Hampton,VA,0.0,0.0,0.0,0.0,0.0,0.0,0.0,0.0,1.0,8.7,0.0
51700,Newport News,VA,0.0,0.0,0.0,0.0,0.0,0.0,0.0,1.0,1.0,7.7,0.0
51810,Virginia Beach,VA,0.0,5.0,3.0,4.0,15.0,147000.0,141000.0,1.0,1.0,6.9,0.0
53007,Chelan,WA,1.0,17.0,13.0,9.0,16.0,479000.0,986000.0,1.0,1.0,7.2,0.0
53009,Clallam,WA,0.0,5.0,4.0,7.0,11.0,699000.0,2087000.0,1.0,1.0,9.5,1.0
53011,Clark,WA,0.0,20.0,39.0,11.0,72.0,83000.0,249000.0,1.0,1.0,8.9,1.0
53025,Grant,WA,0.0,17.0,1.0,9.0,10.0,110000.0,200000.0,1.0,1.0,8.6,0.0
53029,Island,WA,0.0,11.0,8.0,12.0,6.0,148000.0,110000.0,1.0,1.0,7.1,0.0
53033,King,WA,2.0,31.0,46.0,26.0,63.0,1849000.0,2625000.0,1.0,1.0,7.6,0.0
53035,Kitsap,WA,0.0,29.0,21.0,13.0,16.0,431000.0,134000.0,1.0,1.0,8.2,0.0
53037,Kittitas,WA,0.0,7.0,4.0,7.0,13.0,71000.0,69000.0,1.0,1.0,6.6,0.0
53039,Klickitat,WA,0.0,4.0,7.0,20.0,11.0,77000.0,36000.0,1.0,1.0,8.9,1.0
53041,Lewis,WA,0.0,17.0,13.0,11.0,20.0,1619000.0,56000.0,1.0,1.0,9.2,1.0
53047,Okanogan,WA,1.0,20.0,17.0,25.0,22.0,377000.0,351000.0,1.0,1.0,8.4,0.0
53051,Pend Oreille,WA,0.0,1.0,1.0,0.0,0.0,0.0,0.0,1.0,1.0,7.5,0.0
53053,Pierce,WA,1.0,16.0,18.0,15.0,42.0,292000.0,1118000.0,1.0,1.0,10.1,1.0
53055,San Juan,WA,0.0,16.0,14.0,11.0,20.0,167000.0,138000.0,1.0,1.0,4.5,0.0
53059,Skamania,WA,0.0,1.0,3.0,0.0,0.0,0.0,0.0,1.0,1.0,8.4,0.0
53061,Snohomish,WA,0.0,9.0,20.0,14.0,27.0,855000.0,1064000.0,1.0,1.0,8.6,0.0
53067,Thurston,WA,0.0,26.0,26.0,14.0,36.0,98000.0,440000.0,1.0,1.0,8.5,0.0
53073,Whatcom,WA,0.0,22.0,20.0,14.0,26.0,75000.0,376000.0,1.0,1.0,7.4,0.0
53077,Yakima,WA,0.0,18.0,12.0,24.0,26.0,262000.0,799000.0,1.0,1.0,10.9,1.0
54005,Boone,WV,0.0,0.0,0.0,0.0,0.0,0.0,0.0,0.0,0.0,15.7,1.0
54007,Braxton,WV,0.0,1.0,0.0,3.0,3.0,9000.0,10000.0,1.0,1.0,9.2,1.0
54009,Brooke,WV,0.0,0.0,0.0,0.0,0.0,0.0,0.0,0.0,0.0,11.5,1.0
54015,Clay,WV,0.0,0.0,3.0,0.0,0.0,0.0,0.0,1.0,1.0,9.3,1.0
54023,Grant,WV,0.0,1.0,1.0,0.0,0.0,0.0,0.0,1.0,1.0,11.7,1.0
54025,Greenbrier,WV,1.0,6.0,3.0,6.0,10.0,1000.0,30000.0,1.0,1.0,10.6,1.0
54027,Hampshire,WV,0.0,5.0,9.0,7.0,10.0,74000.0,21000.0,1.0,1.0,8.3,0.0
54029,Hancock,WV,0.0,0.0,2.0,0.0,0.0,0.0,0.0,0.0,1.0,9.1,1.0
54037,Jefferson,WV,0.0,12.0,10.0,8.0,9.0,50000.0,49000.0,1.0,0.0,9.1,1.0
54053,Mason,WV,0.0,6.0,2.0,6.0,5.0,12000.0,7000.0,1.0,1.0,10.2,1.0
54055,Mercer,WV,0.0,3.0,3.0,0.0,0.0,0.0,0.0,0.0,1.0,13.0,1.0
54059,Mingo,WV,0.0,0.0,1.0,0.0,0.0,0.0,0.0,1.0,1.0,14.2,1.0
54063,Monroe,WV,1.0,8.0,8.0,3.0,6.0,5000.0,6000.0,1.0,1.0,9.6,1.0
54065,Morgan,WV,0.0,2.0,1.0,0.0,3.0,0.0,55000.0,1.0,1.0,9.7,1.0
54069,Ohio,WV,0.0,2.0,0.0,0.0,0.0,0.0,0.0,1.0,1.0,8.4,0.0
54077,Preston,WV,0.0,13.0,8.0,6.0,7.0,3000.0,19000.0,0.0,1.0,12.8,1.0
54099,Wayne,WV,0.0,0.0,1.0,0.0,3.0,0.0,2000.0,1.0,1.0,13.5,1.0
54101,Webster,WV,0.0,0.0,0.0,0.0,0.0,0.0,0.0,0.0,1.0,8.9,1.0
54107,Wood,WV,0.0,0.0,1.0,0.0,7.0,0.0,4000.0,0.0,1.0,13.4,1.0
54109,Wyoming,WV,0.0,0.0,0.0,0.0,0.0,0.0,0.0,0.0,0.0,10.4,1.0
55005,Barron,WI,0.0,5.0,8.0,5.0,9.0,25000.0,56000.0,1.0,1.0,8.6,0.0
55007,Bayfield,WI,0.0,3.0,14.0,4.0,10.0,6000.0,13000.0,1.0,1.0,6.2,0.0
55009,Brown,WI,0.0,3.0,8.0,7.0,9.0,109000.0,138000.0,1.0,1.0,8.6,0.0
55011,Buffalo,WI,0.0,3.0,2.0,27.0,32.0,132000.0,185000.0,1.0,1.0,8.0,0.0
55017,Chippewa,WI,0.0,9.0,10.0,7.0,7.0,9000.0,45000.0,1.0,1.0,6.5,0.0
55019,Clark,WI,0.0,10.0,5.0,10.0,20.0,10000.0,24000.0,1.0,1.0,6.9,0.0
55021,Columbia,WI,0.0,3.0,8.0,16.0,14.0,333000.0,109000.0,1.0,1.0,8.2,0.0
55025,Dane,WI,0.0,32.0,30.0,17.0,35.0,408000.0,755000.0,1.0,1.0,5.5,0.0
55029,Door,WI,0.0,5.0,5.0,11.0,13.0,683000.0,1061000.0,1.0,1.0,8.4,0.0
55035,Eau Claire,WI,0.0,11.0,9.0,10.0,16.0,54000.0,68000.0,1.0,1.0,7.7,0.0
55039,Fond du Lac,WI,0.0,23.0,6.0,8.0,20.0,34000.0,207000.0,1.0,1.0,7.7,0.0
55041,Forest,WI,0.0,0.0,1.0,3.0,5.0,54000.0,53000.0,1.0,1.0,7.0,0.0
55043,Grant,WI,0.0,7.0,9.0,11.0,17.0,38000.0,47000.0,0.0,1.0,6.6,0.0
55049,Iowa,WI,0.0,9.0,5.0,10.0,14.0,23000.0,103000.0,1.0,1.0,8.4,0.0
55053,Jackson,WI,0.0,8.0,3.0,9.0,8.0,19000.0,38000.0,1.0,1.0,8.6,0.0
55055,Jefferson,WI,0.0,9.0,7.0,12.0,22.0,117000.0,872000.0,1.0,1.0,6.4,0.0
55061,Kewaunee,WI,0.0,3.0,4.0,5.0,6.0,13000.0,217000.0,1.0,1.0,7.6,0.0
55063,La Crosse,WI,0.0,4.0,3.0,8.0,8.0,30000.0,57000.0,1.0,1.0,6.1,0.0
55065,Lafayette,WI,0.0,12.0,3.0,8.0,5.0,25000.0,4000.0,1.0,1.0,7.3,0.0
55067,Langlade,WI,0.0,1.0,2.0,7.0,6.0,10000.0,22000.0,1.0,1.0,7.5,0.0
55081,Monroe,WI,0.0,6.0,7.0,25.0,11.0,18000.0,41000.0,1.0,1.0,7.8,0.0
55089,Ozaukee,WI,0.0,7.0,7.0,8.0,6.0,76000.0,75000.0,1.0,1.0,6.2,0.0
55091,Pepin,WI,0.0,10.0,3.0,7.0,11.0,15000.0,33000.0,1.0,0.0,6.7,0.0
55093,Pierce,WI,0.0,2.0,7.0,17.0,7.0,132000.0,12000.0,1.0,1.0,6.4,0.0
55095,Polk,WI,0.0,9.0,10.0,18.0,17.0,216000.0,36000.0,1.0,1.0,8.4,0.0
55097,Portage,WI,0.0,3.0,7.0,10.0,19.0,832000.0,998000.0,1.0,1.0,6.7,0.0
55101,Racine,WI,0.0,5.0,5.0,4.0,21.0,458000.0,832000.0,1.0,1.0,8.6,0.0
55103,Richland,WI,0.0,13.0,6.0,6.0,4.0,3000.0,27000.0,1.0,1.0,8.0,0.0
55105,Rock,WI,0.0,18.0,20.0,18.0,13.0,208000.0,18000.0,1.0,1.0,9.3,1.0
55109,St. Croix,WI,0.0,3.0,7.0,14.0,8.0,113000.0,77000.0,1.0,1.0,8.7,0.0
55111,Sauk,WI,0.0,15.0,16.0,8.0,15.0,11000.0,197000.0,1.0,1.0,7.5,0.0
55117,Sheboygan,WI,0.0,12.0,8.0,13.0,8.0,101000.0,23000.0,1.0,1.0,6.9,0.0
55121,Trempealeau,WI,0.0,13.0,5.0,18.0,23.0,304000.0,125000.0,1.0,1.0,8.1,0.0
55123,Vernon,WI,1.0,26.0,33.0,18.0,36.0,143000.0,261000.0,1.0,1.0,7.2,0.0
55127,Walworth,WI,0.0,6.0,10.0,9.0,12.0,84000.0,1178000.0,1.0,1.0,6.4,0.0
55133,Waukesha,WI,0.0,2.0,4.0,3.0,17.0,35000.0,187000.0,1.0,1.0,7.3,0.0
55135,Waupaca,WI,1.0,2.0,2.0,12.0,19.0,58000.0,417000.0,1.0,1.0,6.5,0.0
55139,Winnebago,WI,0.0,3.0,2.0,3.0,4.0,18000.0,43000.0,1.0,1.0,7.9,0.0
55141,Wood,WI,0.0,5.0,6.0,12.0,15.0,91000.0,109000.0,1.0,1.0,6.4,0.0
56001,Albany,WY,0.0,0.0,2.0,32.0,38.0,764000.0,877000.0,0.0,1.0,8.5,0.0
56005,Campbell,WY,0.0,7.0,1.0,39.0,18.0,375000.0,254000.0,0.0,1.0,7.3,0.0
56007,Carbon,WY,0.0,0.0,1.0,21.0,29.0,1181000.0,1290000.0,0.0,0.0,7.6,0.0
56009,Converse,WY,0.0,0.0,3.0,23.0,28.0,193000.0,324000.0,0.0,0.0,7.3,0.0
56011,Crook,WY,0.0,0.0,4.0,51.0,42.0,660000.0,678000.0,0.0,0.0,6.7,0.0
56013,Fremont,WY,0.0,5.0,9.0,41.0,29.0,5616000.0,1683000.0,1.0,1.0,8.3,0.0
56015,Goshen,WY,0.0,2.0,3.0,11.0,20.0,40000.0,124000.0,0.0,0.0,7.0,0.0
56019,Johnson,WY,0.0,0.0,1.0,29.0,38.0,747000.0,1760000.0,0.0,0.0,5.3,0.0
56021,Laramie,WY,0.0,5.0,4.0,16.0,22.0,173000.0,378000.0,1.0,0.0,9.1,1.0
56025,Natrona,WY,0.0,3.0,0.0,19.0,17.0,131000.0,119000.0,0.0,0.0,8.5,0.0
56027,Niobrara,WY,0.0,0.0,0.0,18.0,6.0,35000.0,7000.0,0.0,0.0,6.8,0.0
56029,Park,WY,0.0,2.0,3.0,24.0,28.0,1430000.0,2226000.0,0.0,0.0,6.5,0.0
56033,Sheridan,WY,0.0,5.0,4.0,29.0,48.0,547000.0,1418000.0,0.0,0.0,6.6,0.0
56035,Sublette,WY,0.0,1.0,1.0,15.0,9.0,643000.0,548000.0,0.0,0.0,6.8,0.0
56043,Washakie,WY,0.0,0.0,1.0,8.0,6.0,70000.0,62000.0,0.0,0.0,7.4,0.0
56045,Weston,WY,0.0,0.0,0.0,14.0,9.0,147000.0,71000.0,0.0,0.0,7.6,0.0
